scenario,symbol,side,signalTime,entryTime,exitTime,entryPrice,exitPrice,entryFill,exitFill,shockReturn,shockZ,quoteVolumeMultiple,takerImbalance,directionalWick,grossPriceReturn,priceReturnAfterSlippage,fees,fundingReturn,netReturn
base,BTCUSDT,1,1705097099999,1705097100000,1705100700000,42529.9,42672.5,42534.15299,42668.23275,-0.019378429711600004,-5.310275983611828,10.750384559367081,-0.33851305113648666,0.46628834700528154,0.00335293522909752,0.003152284707103936,0.001,0,0.002152284707103936
base,BNBUSDT,-1,1707325799999,1707325800000,1707329400000,306.82,306.59,306.789318,306.620659,0.008214068927933634,4.6900020484207845,35.64378974505889,0.27588621523820533,0.42666666666668285,0.0007496251874063997,0.0005497551254375344,0.001,0,-0.00045024487456246567
base,BNBUSDT,-1,1707835199999,1707835200000,1707838800000,321.87,323.02,321.837813,323.052302,0.007578510908758894,4.3744301300033595,9.75487108230478,0.33918187906681285,0.2988047808764951,-0.0035728710348899018,-0.003773605682561687,0.001,0,-0.004773605682561687
base,DOGEUSDT,-1,1707941399999,1707941400000,1707945000000,0.0867,0.08636,0.08669133,0.086368636,0.009734692704675654,4.682790429137192,3.1767510739024294,0.3569981436227203,0.3636363636363789,0.0039215686274508554,0.0037223330176154867,0.001,0,0.0027223330176154867
base,BNBUSDT,-1,1707957599999,1707957600000,1707961200000,336.94,334.88,336.90630600000003,334.913488,0.007866079532005044,4.653868671129555,12.225501578952782,0.2624077976103458,0.35836177474403036,0.006113848162877633,0.005915051052799436,0.001,0,0.004915051052799436
base,DOGEUSDT,1,1708361999999,1708362000000,1708365600000,0.08722,0.08863,0.08722872200000001,0.088621137,-0.014003758191173802,-5.755587104167646,5.981529811443749,-0.315780794818562,0.34615384615385025,0.016166016968585106,0.015962804086479654,0.001,0,0.014962804086479653
base,DOGEUSDT,1,1708442999999,1708443000000,1708446600000,0.08387,0.0849,0.083878387,0.08489151,-0.019949903217884733,-7.320210245528106,7.994716901073154,-0.2529172487045941,0.5582655826558264,0.012280910933587741,0.012078474994994925,0.001,-0.00012405,0.010954424994994924
base,LINKUSDT,1,1708442999999,1708443000000,1708446600000,18.709,18.999,18.7108709,18.997100099999997,-0.02460525396948678,-6.889961805097964,12.86641781833156,-0.3307982053196582,0.4825708061002198,0.01550056122721677,0.01529748142295162,0.001,-0.00018125,0.014116231422951618
base,SOLUSDT,1,1708442999999,1708443000000,1708446600000,104.947,107.375,104.9574947,107.3642625,-0.020005854803722207,-5.510985484540082,12.05714725028736,-0.3178401690112346,0.5130625686059275,0.0231354874365155,0.022930880799691966,0.001,-0.00031742,0.021613460799691966
base,LINKUSDT,1,1709141699999,1709141700000,1709145300000,18.849,18.879,18.8508849,18.8771121,-0.06713792490426669,-18.427872543809304,17.160374453222442,-0.2679885007588555,0.5078420767982693,0.0015915963711603531,0.001391298081715009,0.001,0,0.0003912980817150089
base,BNBUSDT,1,1709246399999,1709246400000,1709250000000,393,400.82,393.03929999999997,400.779918,-0.0140487946210288,-4.420522429513126,4.574789468917739,-0.2535980264657418,0.34251290877797047,0.01989821882951648,0.01969425958167559,0.001,0,0.018694259581675587
base,BNBUSDT,1,1709655299999,1709655300000,1709658900000,408.74,403.97,408.780874,403.92960300000004,-0.018230807949715346,-5.878074535832329,12.755912482960376,-0.26177406201367803,0.5021645021645033,-0.011670010275480647,-0.011867656508802171,0.001,0,-0.012867656508802172
base,LINKUSDT,1,1709668799999,1709668800000,1709672400000,17.748,17.97,17.7497748,17.968203,-0.07676484893393039,-16.15413622641922,19.536279145235937,-0.28101206701612547,0.6474953617810757,0.012508451656524588,0.012305970214337547,0.001,0,0.011305970214337546
base,BNBUSDT,1,1711950599999,1711950600000,1711954200000,579.64,585.25,579.697964,585.191475,-0.01852632755907339,-4.335838412264074,29.19843968665189,-0.2922356234970743,0.27623318385650647,0.009678421088951783,0.009476505596283324,0.001,0,0.008476505596283324
base,BTCUSDT,1,1712025599999,1712025600000,1712029200000,66447.1,66887.5,66453.74471,66880.81125,-0.03780152961163211,-11.709715484464967,27.75368150772628,-0.2512966888178766,0.31862745098039214,0.006627828754001142,0.0064265233187941195,0.001,0,0.0054265233187941195
base,ETHUSDT,1,1712261999999,1712262000000,1712265600000,3291.36,3329.36,3291.689136,3329.0270640000003,-0.015552750590595663,-4.7680560706235005,7.6571099791629536,-0.2587977380497446,0.49569583931133,0.011545379417626789,0.01134309057062799,0.001,0,0.010343090570627989
base,BTCUSDT,1,1712294399999,1712294400000,1712298000000,66870,66809,66876.687,66802.31910000001,-0.012995811160308656,-4.621849321993672,7.703922504615118,-0.2842021858661743,0.27849254241146587,-0.0009122177359054406,-0.0011120153126006338,0.001,0,-0.002112015312600634
base,ETHUSDT,1,1712942999999,1712943000000,1712946600000,3317.94,3306.35,3318.271794,3306.019365,-0.030104042257181666,-9.545964402490638,27.98671804731827,-0.2703769722875712,0.5035417518049295,-0.003493131280252193,-0.003692412725851635,0.001,0,-0.004692412725851635
base,LTCUSDT,1,1712942999999,1712943000000,1712946600000,88.65,88.57,88.658865,88.56114299999999,-0.061532655323620206,-12.141659456306245,28.81021458597548,-0.3098646625830622,0.45443925233644855,-0.000902425267907625,-0.0011022248029006754,0.001,0,-0.0021022248029006754
base,SOLUSDT,1,1712942999999,1712943000000,1712946600000,162.017,160.423,162.0332017,160.4069577,-0.024216886758801584,-5.713013475570818,19.174010453594196,-0.2783042270211654,0.5402736878572669,-0.009838473740409914,-0.010036486244411558,0.001,0,-0.011036486244411559
base,SOLUSDT,1,1712946899999,1712946900000,1712950500000,150.722,152.884,150.7370722,152.86871159999998,-0.07278215804984452,-17.001744433590396,30.09000429984596,-0.30192303110385543,0.3315563555801711,0.014344289486604378,0.014141440913564285,0.001,0,0.013141440913564284
base,XRPUSDT,1,1712946899999,1712946900000,1712950500000,0.5401,0.5333,0.5401540100000001,0.53324667,-0.05597502437190166,-15.366415958200996,30.742810131873423,-0.30330264284990205,0.4442344045368618,-0.012590261062766173,-0.012787723264333528,0.001,0,-0.013787723264333529
base,DOGEUSDT,1,1713038999999,1713039000000,1713042600000,0.13444,0.13943,0.134453444,0.139416057,-0.11833657855150191,-17.47592309973913,16.29668442283415,-0.25395111861557196,0.37834902244750124,0.03711692948527223,0.03690952683963977,0.001,0,0.03590952683963977
base,ETHUSDT,1,1713038999999,1713039000000,1713042600000,2866.38,2925.22,2866.666638,2924.9274779999996,-0.07020621073897326,-19.684458451241383,25.23739983095609,-0.3051027148576313,0.2624136211441196,0.020527634158764574,0.020323549040444533,0.001,0,0.019323549040444532
base,BTCUSDT,1,1714547399999,1714547400000,1714551000000,58433.1,57146,58438.943309999995,57140.2854,-0.02085130897030331,-7.151114152302582,14.308640381887214,-0.26925012063989195,0.4906773098230765,-0.022026899137646327,-0.022222474200312425,0.001,-0.00008946,-0.023311934200312426
base,XRPUSDT,1,1715052599999,1715052600000,1715056200000,0.5351,0.5388,0.53515351,0.53874612,-0.015026718144793014,-4.806129593979267,3.7678472786542825,-0.2898303474459486,0.337662337662342,0.0069145954027283185,0.006713232619926179,0.001,0,0.005713232619926179
base,ETHUSDT,1,1715199599999,1715199600000,1715203200000,2946.87,2955,2947.164687,2954.7045,-0.017045026084106296,-5.54706229428975,14.299650787388986,-0.3165268984096836,0.2829497907949788,0.0027588593999736677,0.0025583276812652933,0.001,0,0.0015583276812652933
base,DOGEUSDT,1,1715667599999,1715667600000,1715671200000,0.14691,0.15067,0.14692469100000002,0.150654933,-0.022214160627627367,-4.213048917850945,5.6115576334829305,-0.3058750221471177,0.3382899628252872,0.025593901027840094,0.02538880275746136,0.001,0,0.02438880275746136
base,BTCUSDT,-1,1716247499999,1716247500000,1716251100000,70868.1,71527.8,70861.01319000001,71534.95278,0.01601768402834545,7.123521984644749,7.751301319882533,0.2718024047800547,0.44342946626646684,-0.00930884276564492,-0.00951072472239356,0.001,0.0001,-0.010410724722393561
base,LTCUSDT,1,1716395999999,1716396000000,1716399600000,86.34,86.75,86.348634,86.741325,-0.012086478068802269,-5.032637942551225,11.471805713590925,-0.32201878205826173,0.26530612244897306,0.004748668056520744,0.004547738415873415,0.001,0,0.0035477384158734146
base,XRPUSDT,1,1716399899999,1716399900000,1716403500000,0.5311,0.5283,0.53115311,0.52824717,-0.009556898373505441,-4.230022445126046,6.282007783477034,-0.33469094295610813,0.35294117647059337,-0.005272076821690841,-0.005471002513757317,0.001,0,-0.006471002513757317
base,BNBUSDT,1,1716839999999,1716840000000,1716843600000,602.5,605.52,602.56025,605.459448,-0.009712181787985576,-4.198232997340747,4.490218271581981,-0.2896424070169621,0.3406113537117839,0.005012448132780012,0.004811465741392684,0.001,0,0.003811465741392684
base,BNBUSDT,-1,1717510199999,1717510200000,1717513800000,657.19,660.36,657.1242810000001,660.426036,0.01241605368245368,5.629584993989224,11.837598267045728,0.29332715688176103,0.29697624190064825,-0.00482356700497566,-0.005024551816857681,0.001,0,-0.006024551816857681
base,BNBUSDT,-1,1717521299999,1717521300000,1717524900000,672.74,671.12,672.672726,671.187112,0.010760344732529225,4.787932805693358,5.010664364755028,0.2516024623859505,0.37767584097859297,0.002408062550168011,0.002208524208843987,0.001,0,0.0012085242088439871
base,BNBUSDT,-1,1717540799999,1717540800000,1717544400000,686.94,682.34,686.8713060000001,682.408234,0.009345520702328417,4.1072034773244095,3.4057237186587415,0.2910850196638153,0.4869565217391225,0.006696363583427956,0.006497682988085285,0.001,0,0.005497682988085285
base,BNBUSDT,-1,1717550999999,1717551000000,1717554600000,712.99,698.29,712.918701,698.359829,0.02620361360177397,11.370204532422262,13.052695131743121,0.29745826582637047,0.2856461611826419,0.020617399963533956,0.020421503853915723,0.001,0,0.019421503853915723
base,ETHUSDT,1,1718072399999,1718072400000,1718076000000,3593.19,3606.47,3593.549319,3606.109353,-0.009624606744228147,-4.359760789220343,20.559089377477676,-0.27919797380512834,0.5966205284918208,0.0036958802623852094,0.0034951611582429987,0.001,0,0.0024951611582429986
base,ETHUSDT,1,1718079299999,1718079300000,1718082900000,3564.97,3560.32,3565.3264969999996,3559.963968,-0.008875021251418761,-4.016819033035947,11.176865867883242,-0.3453914069121311,0.6135718961378995,-0.001304358802458272,-0.0015040779587821573,0.001,0,-0.0025040779587821574
base,SOLUSDT,1,1718080499999,1718080500000,1718084100000,153.394,153.863,153.4093394,153.8476137,-0.015326342305476007,-4.549845683817954,10.688745244552779,-0.25600368550721764,0.4394841269841347,0.00305748595121047,0.0028568945131641765,0.001,0,0.0018568945131641765
base,BTCUSDT,1,1718381399999,1718381400000,1718385000000,65762.6,65302.2,65769.17626000001,65295.66978,-0.010264537691566477,-5.130670972968158,25.68207583699769,-0.34573637780937005,0.32630544024470065,-0.00700093974386673,-0.007199519697922541,0.001,0,-0.008199519697922542
base,DOGEUSDT,1,1718381399999,1718381400000,1718385000000,0.13452,0.13402,0.134533452,0.134006598,-0.034057661711271794,-7.917122149424468,78.59794640029433,-0.35871537684696164,0.4344059405940574,-0.0037169194171869924,-0.00391615610963425,0.001,0,-0.00491615610963425
base,ETHUSDT,1,1718381399999,1718381400000,1718385000000,3408.86,3396.06,3409.200886,3395.720394,-0.015979666716502288,-6.815738426080157,28.20081601679321,-0.27063883181899295,0.3256715989082033,-0.003754920999982425,-0.003954150092873143,0.001,0,-0.004954150092873143
base,SOLUSDT,1,1718381399999,1718381400000,1718385000000,140.986,141.115,141.0000986,141.10088850000002,-0.017413384069458106,-4.690283337923069,24.09055396154592,-0.2534786288035623,0.40052980132450283,0.000914984466542812,0.0007148214859475921,0.001,0,-0.0002851785140524079
base,XRPUSDT,1,1718641199999,1718641200000,1718644800000,0.4984,0.5111,0.49844984,0.51104889,-0.025162298300990475,-6.267814830979417,8.22218118267943,-0.28848959702260013,0.3310810810810826,0.025481540930979207,0.02527646513037296,0.001,0,0.02427646513037296
base,ETHUSDT,1,1718671799999,1718671800000,1718675400000,3458.29,3399.4,3458.635829,3399.0600600000002,-0.013136671308361306,-5.065040402372304,6.368889459978785,-0.36986688468923257,0.2894144144144202,-0.017028647105939654,-0.01722522171905705,0.001,0,-0.01822522171905705
base,ETHUSDT,1,1719174899999,1719174900000,1719178500000,3433.55,3424.03,3433.893355,3423.687597,-0.010885477989369981,-4.058006534024383,30.327551268448072,-0.39250321513538955,0.5210280373831817,-0.002772640561517936,-0.002972066090852765,0.001,0,-0.003972066090852765
base,ETHUSDT,1,1719221699999,1719221700000,1719225300000,3290.01,3311.6,3290.3390010000003,3311.2688399999997,-0.025276469995158264,-9.249090870551257,34.40750314788574,-0.2615213336652169,0.5295654565456542,0.006562290084224598,0.006360997755440634,0.001,0,0.005360997755440634
base,LTCUSDT,-1,1719563999999,1719564000000,1719567600000,74.36,73.68,74.352564,73.687368,0.018184786625752507,6.665374514164181,18.435622990894064,0.2626192668928218,0.3653846153846138,0.009144701452393655,0.0089465105735963,0.001,0,0.0079465105735963
base,SOLUSDT,1,1720056899999,1720056900000,1720060500000,135.694,135.91,135.70756939999998,135.896409,-0.019499997580401544,-4.9004096155755095,6.346626017401412,-0.34873946610612805,0.34195090158591807,0.0015918168821025258,0.0013915185485595671,0.001,0,0.0003915185485595671
base,BTCUSDT,1,1720057499999,1720057500000,1720061100000,59599.8,59082.3,59605.75998,59076.39177,-0.010847034502204382,-5.493202239389565,7.233896050977798,-0.2945878328616718,0.6214947341707954,-0.008682915043339068,-0.008881158635971165,0.001,0,-0.009881158635971166
base,DOGEUSDT,-1,1720101599999,1720101600000,1720105200000,0.10792,0.10857,0.107909208,0.108580857,0.01456064552468146,4.387369990199203,3.822285165263153,0.25393969079475776,0.4933333333333267,-0.006022979985174093,-0.006224204703643155,0.001,0,-0.007224204703643155
base,BNBUSDT,1,1720148399999,1720148400000,1720152000000,477.82,468.63,477.867782,468.583137,-0.04720073661692649,-20.39321990438116,22.983245160484532,-0.26335938605443376,0.37854984894259774,-0.019233184044200713,-0.019429317794016798,0.001,0,-0.0204293177940168
base,ETHUSDT,1,1720148399999,1720148400000,1720152000000,2926.66,2919.91,2926.9526659999997,2919.618009,-0.04225959720862929,-17.661614773079123,23.187692621605933,-0.34307699011993753,0.2980928965379742,-0.002306383385839106,-0.002505902157284745,0.001,0,-0.003505902157284745
base,SOLUSDT,1,1720148399999,1720148400000,1720152000000,122.886,123.616,122.8982886,123.6036384,-0.022243167657293266,-5.351008042675876,11.20920603027229,-0.2752165376371649,0.33405983752724266,0.00594046514655866,0.005739297170326951,0.001,0,0.004739297170326951
base,BTCUSDT,-1,1720911599999,1720911600000,1720915200000,59449.6,59173.9,59443.65504,59179.817390000004,0.01185308106968206,4.071787935589765,12.871025678822472,0.2809262666934098,0.2526719096592106,0.0046375417160081644,0.00443844931511117,0.001,0,0.0034384493151111703
base,LTCUSDT,-1,1721396699999,1721396700000,1721400300000,71.18,71.8,71.172882,71.80718,0.013861608086624512,4.3035197638239024,8.125889598768183,0.25808226746465057,0.539999999999992,-0.008710311885360866,-0.00891207412396211,0.001,0,-0.009912074123962111
base,BNBUSDT,1,1721584499999,1721584500000,1721588100000,592.84,592.73,592.8992840000001,592.670727,-0.01260513848790607,-4.2489926004888225,20.750305935751136,-0.3440348013691509,0.2941952506596358,-0.00018554753390465084,-0.00038549043010827067,0.001,0,-0.0013854904301082707
base,ETHUSDT,1,1721855699999,1721855700000,1721859300000,3328.47,3327.24,3328.802847,3326.907276,-0.013790729304948403,-5.264294161077137,18.560489958809566,-0.3484248065032236,0.5550077841203916,-0.00036953915763093814,-0.0005694452591893384,0.001,0,-0.0015694452591893384
base,DOGEUSDT,-1,1722110099999,1722110100000,1722113700000,0.13583,0.13396,0.135816417,0.133973396,0.0245932359029564,5.340009729443282,7.5906600682090035,0.26891754996361716,0.34328358208955667,0.013767209011264159,0.013569942726437856,0.001,0,0.012569942726437855
base,BTCUSDT,-1,1722544799999,1722544800000,1722548400000,64026.8,64926,64020.397320000004,64932.4926,0.01113051746286571,4.583096345925143,5.53183560476952,0.2510218211786488,0.4553333333333285,-0.01404411902515812,-0.014246948131873882,0.001,0,-0.015246948131873883
base,BTCUSDT,1,1722565799999,1722565800000,1722569400000,63946,64437.7,63952.3946,64431.25623,-0.010234271308578062,-4.138957949961094,3.0364404637479785,-0.37168540753514545,0.28352272727273553,0.00768930034716786,0.007487782638869289,0.001,0,0.006487782638869289
base,XRPUSDT,1,1722580199999,1722580200000,1722583800000,0.5606,0.5689,0.56065606,0.56884311,-0.016625780907909428,-4.011483231892821,3.544853671037991,-0.270970726200209,0.30136986301369695,0.014805565465572545,0.014602624646561368,0.001,0,0.013602624646561368
base,LTCUSDT,1,1722608099999,1722608100000,1722611700000,67.98,64.72,67.98679800000001,64.713528,-0.014023016820749287,-4.6538039971758165,3.9250840987786226,-0.2747134233818317,0.258620689655183,-0.0479552809649898,-0.04814567086980637,0.001,0,-0.04914567086980637
base,ETHUSDT,1,1722791699999,1722791700000,1722795300000,2747.37,2693.24,2747.644737,2692.970676,-0.022569593324267265,-7.372472870582861,29.789954967721776,-0.2817395519900151,0.5511554230339196,-0.019702479098192116,-0.019898518998382464,0.001,0,-0.020898518998382465
base,BTCUSDT,1,1722793499999,1722793500000,1722797100000,57348.6,58439.9,57354.334859999995,58434.05601,-0.014467127126463588,-5.393592062282289,15.751500795673953,-0.29270703659583197,0.2881419234360397,0.019029235238523734,0.018825449770022873,0.001,0,0.017825449770022872
base,ETHUSDT,1,1722819599999,1722819600000,1722823200000,2526.04,2317.37,2526.2926039999998,2317.138263,-0.031340119742838936,-9.695745415423803,18.990286664875015,-0.2651128830801136,0.43600309039402574,-0.08260755965859612,-0.08279101980065007,0.001,0,-0.08379101980065007
base,BNBUSDT,-1,1722953999999,1722954000000,1722957600000,492.45,485.12,492.400755,485.168512,0.030851624091270038,6.801079115462754,4.074492517039289,0.26320474353998513,0.39910813823857005,0.014884759874098874,0.014687717121798394,0.001,0,0.013687717121798393
base,DOGEUSDT,-1,1724417399999,1724417400000,1724421000000,0.10867,0.10791,0.108659133,0.107920791,0.019044655680145274,5.104277440336143,49.8514594378018,0.35732439541899663,0.4950980392156848,0.006993650501518345,0.00679502936950549,0.001,0,0.00579502936950549
base,DOGEUSDT,1,1724424899999,1724424900000,1724428500000,0.10713,0.10986,0.107140713,0.109849014,-0.01767010219482369,-4.730153527805344,30.04235934660436,-0.3789595572647414,0.7203389830508443,0.025483057966956046,0.02527798186297292,0.001,0,0.02427798186297292
base,XRPUSDT,1,1724694599999,1724694600000,1724698200000,0.5803,0.5841,0.5803580300000001,0.58404159,-0.014541356218103842,-5.209026437701194,13.067081422084058,-0.2540676378371355,0.4545454545454598,0.00654833706703406,0.006347047528574512,0.001,0,0.005347047528574512
base,XRPUSDT,1,1724794799999,1724794800000,1724798400000,0.5768,0.5627,0.5768576799999999,0.56264373,-0.013945306478240773,-5.108024907208556,17.189991812434045,-0.2717228433198141,0.4799999999999979,-0.024445214979195606,-0.024640306427054837,0.001,0,-0.025640306427054838
base,BTCUSDT,1,1724795399999,1724795400000,1724799000000,60172.5,59324.9,60178.51725,59318.96751,-0.01738753067464912,-7.065420621058003,13.719377287862887,-0.29863333778988455,0.4001896633475593,-0.014086168930990017,-0.014283331980898817,0.001,0,-0.015283331980898818
base,DOGEUSDT,1,1724795399999,1724795400000,1724799000000,0.09928,0.09832,0.09928992799999999,0.098310168,-0.02604779933232743,-7.595366111733932,18.419866362844008,-0.31488123456358363,0.251879699248117,-0.009669621273166729,-0.00986766754428492,0.001,0,-0.01086766754428492
base,ETHUSDT,1,1724795399999,1724795400000,1724799000000,2461.2,2449.77,2461.4461199999996,2449.525023,-0.03835772227368946,-13.709278526045232,26.18844834861877,-0.3555830148151956,0.42523624235686347,-0.0046440760604582465,-0.0048431273401180475,0.001,0,-0.0058431273401180475
base,LTCUSDT,1,1724795399999,1724795400000,1724799000000,60.4,59.97,60.40604,59.964003,-0.034977131972150854,-12.327923721059356,17.724702856187225,-0.32191665775034195,0.33507853403141324,-0.0071192052980132425,-0.007317761601323247,0.001,0,-0.008317761601323248
base,SOLUSDT,1,1724795399999,1724795400000,1724799000000,148.146,146.83,148.16081459999998,146.81531700000002,-0.01964444966104235,-5.410809795992196,11.540914908955273,-0.3015274566762175,0.3882709807886789,-0.008883128805367457,-0.009081332359250904,0.001,0,-0.010081332359250905
base,SOLUSDT,1,1725231599999,1725231600000,1725235200000,129.014,128.411,129.0269014,128.3981589,-0.01872974210184329,-5.236610689424055,11.947286243293954,-0.3558303489799729,0.37141166025451283,-0.0046739113584572944,-0.004872956671654327,0.001,0,-0.005872956671654327
base,DOGEUSDT,-1,1726204199999,1726204200000,1726207800000,0.1035,0.10292,0.10348965,0.10293029199999999,0.014303333122048055,4.15864213955834,20.640376176955115,0.36038805724662293,0.3930348258706467,0.005603864734299524,0.005404965617334723,0.001,0,0.004404965617334723
base,XRPUSDT,-1,1727591399999,1727591400000,1727595000000,0.6242,0.6286,0.62413758,0.62866286,0.011113909999639442,4.382928912928601,4.60061743160001,0.28048602671136713,0.3437499999999989,-0.007049022749118894,-0.0072504526966634675,0.001,0,-0.008250452696663468
base,DOGEUSDT,1,1727734799999,1727734800000,1727738400000,0.1159,0.11545,0.11591159,0.115438455,-0.01702423595832994,-4.566418845245573,9.282544725198209,-0.3395768596301256,0.25287356321839566,-0.0038826574633304967,-0.004081861011483001,0.001,0,-0.005081861011483001
base,XRPUSDT,1,1727739299999,1727739300000,1727742900000,0.6123,0.6156,0.61236123,0.61553844,-0.011690342585288505,-4.143896905365927,3.1563087472180027,-0.3065612318794777,0.2999999999999852,0.005389514943655138,0.005188457146446224,0.001,-0.0001,0.004088457146446223
base,ETHUSDT,1,1727795099999,1727795100000,1727798700000,2507.42,2526.36,2507.6707420000002,2526.107364,-0.018789985540642144,-7.498685777199838,14.674495525703584,-0.3431055366128314,0.28620689655172105,0.007553580971676022,0.007352090404538325,0.001,-0.00008397,0.006268120404538325
base,BTCUSDT,1,1727813999999,1727814000000,1727817600000,60981.1,60811.2,60987.19811,60805.118879999995,-0.010102760558858411,-4.98541489115394,3.976667488883085,-0.3263076012819489,0.31402809086179895,-0.002786109138733117,-0.0029855319746218134,0.001,0,-0.003985531974621813
base,XRPUSDT,1,1727906399999,1727906400000,1727910000000,0.5409,0.5448,0.54095409,0.54474552,-0.01740767731625305,-4.982781897823048,8.32322066762401,-0.2843407767955196,0.3879310344827619,0.007210205213532772,0.007008783314680134,0.001,0,0.006008783314680134
base,BTCUSDT,-1,1728261899999,1728261900000,1728265500000,63284.9,63766.1,63278.57151,63772.47661,0.008709728382892402,4.313272020855808,14.098608597698119,0.3735329235508693,0.3122923588039708,-0.007603709573689832,-0.007805250469694158,0.001,0,-0.00880525046969416
base,ETHUSDT,1,1728507299999,1728507300000,1728510900000,2367.41,2377.47,2367.646741,2377.2322529999997,-0.018556016838196254,-7.033393548235276,16.68516395099787,-0.29471834786307094,0.30882352941176805,0.004249369564207184,0.004048539773273463,0.001,0,0.003048539773273463
base,DOGEUSDT,1,1729004699999,1729004700000,1729008300000,0.11199,0.11308,0.11200119900000001,0.113068692,-0.016384372186994723,-4.051347576682788,5.505046513497721,-0.30590095481170776,0.3750000000000023,0.009733011876060349,0.009531085466325973,0.001,-0.0001,0.008431085466325972
base,XRPUSDT,1,1729004999999,1729005000000,1729008600000,0.5329,0.5408,0.53295329,0.54074592,-0.01452810056290963,-4.225337012016609,8.906874622750188,-0.27670605495986056,0.2567567567567598,0.01482454494276575,0.014621600328238893,0.001,-0.0001,0.013521600328238893
base,SOLUSDT,-1,1729006499999,1729006500000,1729010100000,154.4,155.02,154.38456,155.035502,0.014614992310855088,4.0817189456715885,5.000281617440268,0.27795470746884643,0.2500000000000079,-0.00401554404145088,-0.004216367232578344,0.001,0.0001,-0.005116367232578344
base,LTCUSDT,-1,1729216499999,1729216500000,1729220100000,74.71,73.13,74.702529,73.13731299999999,0.014835066403941107,4.767111730226994,6.162831439984748,0.3472170546255886,0.27419354838709753,0.021148440637130173,0.02095265074626862,0.001,0,0.01995265074626862
base,SOLUSDT,1,1729518299999,1729518300000,1729521900000,163.09,164.83,163.106309,164.81351700000002,-0.014548145924384252,-4.625216283933616,8.451853911388605,-0.30191606569250784,0.3233532934131713,0.01066895579128091,0.010466842211480643,0.001,0,0.009466842211480642
base,ETHUSDT,1,1729557299999,1729557300000,1729560900000,2626.54,2640.62,2626.802654,2640.3559379999997,-0.013158607146617636,-5.293392636204303,19.89710243523692,-0.26217071703145634,0.3530550179706927,0.0053606646005770475,0.005159612572859684,0.001,0,0.004159612572859684
base,XRPUSDT,1,1729588199999,1729588200000,1729591800000,0.5362,0.5333,0.53625362,0.53324667,-0.009279947814052739,-4.104849233568123,12.312625505006908,-0.27973891318008015,0.6842105263157874,-0.005408429690413996,-0.005607328114633381,0.001,0,-0.006607328114633381
base,ETHUSDT,1,1729706699999,1729706700000,1729710300000,2465.12,2494.43,2465.366512,2494.1805569999997,-0.01523747756545719,-6.15605858043433,12.23019658816375,-0.31070348698797223,0.41469816272965915,0.011889887713377068,0.01168752997160838,0.001,0,0.010687529971608378
base,BTCUSDT,-1,1729864799999,1729864800000,1729868400000,68314.4,68288.4,68307.56856,68295.22884,0.00827545515475342,4.058137189177168,3.9144284363580946,0.2532195094916001,0.36083213773315914,0.00038059325705852576,0.00018064938132245079,0.001,0,-0.0008193506186775492
base,XRPUSDT,1,1729897799999,1729897800000,1729901400000,0.5068,0.5007,0.50685068,0.50064993,-0.014109581516319778,-6.4272993756694685,11.874637694543814,-0.2810504947619389,0.2826086956521881,-0.012036306235201244,-0.012233879216656085,0.001,-0.00002578,-0.013259659216656085
base,XRPUSDT,1,1730398199999,1730398200000,1730401800000,0.5039,0.5074,0.50395039,0.5073492599999999,-0.0088924605343469,-4.2405820642030525,9.272839499066695,-0.32004783566730044,0.2820512820512784,0.0069458225838459065,0.0067444535562319885,0.001,0,0.0057444535562319885
base,SOLUSDT,1,1730836799999,1730836800000,1730840400000,163.97,166.72,163.986397,166.703328,-0.018010882127886402,-5.036216691929418,7.038523040216519,-0.2567434341924587,0.30454545454545046,0.0167713606147466,0.016568026676017533,0.001,0,0.015568026676017532
base,BTCUSDT,-1,1730860199999,1730860200000,1730863800000,72372.8,73962,72365.56272,73969.3962,0.015448983750613491,6.724526520426002,6.949383510622229,0.3605178867089307,0.2786966589480689,-0.02195852585501723,-0.02216293800140301,0.001,0,-0.02316293800140301
base,BTCUSDT,1,1730880299999,1730880300000,1730883900000,72993.7,73769.9,73000.99936999999,73762.52300999999,-0.011117008083694972,-4.606926870700631,3.722281528646981,-0.29672353025591036,0.3078575466365211,0.010633794423354326,0.010431687875124496,0.001,0,0.009431687875124495
base,LTCUSDT,1,1731083999999,1731084000000,1731087600000,71.8,71.94,71.80718,71.932806,-0.014929776897524364,-4.77206111113969,6.323564111097292,-0.2993324923094628,0.3265306122448944,0.001949860724234087,0.0017494907890827083,0.001,0,0.0007494907890827083
base,BNBUSDT,1,1731172499999,1731172500000,1731176100000,611.72,618.39,611.781172,618.328161,-0.013106049506716311,-5.6378091070680805,7.101020046649007,-0.35992673618854076,0.28181818181818963,0.010903681422873124,0.010701520902640649,0.001,0,0.009701520902640648
base,BTCUSDT,-1,1731214499999,1731214500000,1731218100000,79331,79305.1,79323.0669,79313.03051000001,0.01811832256021282,7.481670326403493,25.00010645174519,0.28033365189432913,0.2735903008120823,0.00032648019059378086,0.0001265254911619884,0.001,0,-0.0008734745088380116
base,LINKUSDT,1,1731268199999,1731268200000,1731271800000,14.382,14.189,14.383438199999999,14.187581100000001,-0.016824502213677574,-4.047321772258426,5.732421436145165,-0.2522627427575561,0.48148148148148445,-0.013419552218050357,-0.01361684857797063,0.001,0,-0.014616848577970631
base,BTCUSDT,-1,1731360599999,1731360600000,1731364200000,88320.8,86935.8,88311.96792000001,86944.49358,0.01216254992145863,4.598136876711612,4.518740012503161,0.2769937563748164,0.25784624244168375,0.015681470276537324,0.015484586882253404,0.001,0,0.014484586882253403
base,SOLUSDT,1,1732452299999,1732452300000,1732455900000,242.69,247.13,242.714269,247.105287,-0.02526630062130097,-4.376153629993283,9.834291261249454,-0.32144988523674844,0.32783505154639286,0.018294944167456473,0.018091305542485392,0.001,0,0.01709130554248539
base,BTCUSDT,-1,1733366099999,1733366100000,1733369700000,100100.7,102850,100090.68993,102860.285,0.014677502600248686,6.035249944710033,20.64476044563696,0.2730499036800407,0.492184569213455,-0.02746534240020293,-0.027670856020045154,0.001,0,-0.028670856020045155
base,DOGEUSDT,1,1733437799999,1733437800000,1733441400000,0.41827,0.4317,0.41831182699999997,0.43165683,-0.034057745892350166,-4.529841387196802,6.01685808360168,-0.2699512039908325,0.3594019551466376,0.03210844669710955,0.03190204564787513,0.001,0,0.03090204564787513
base,ETHUSDT,1,1733437799999,1733437800000,1733441400000,3748.75,3811.6,3749.124875,3811.21884,-0.024435349778074697,-6.7718539472675685,13.935621649624178,-0.29665204499600395,0.6471751821295889,0.016765588529509712,0.01656225574508241,0.001,0,0.01556225574508241
base,LINKUSDT,1,1733437799999,1733437800000,1733441400000,22.886,23.574,22.8882886,23.5716426,-0.03807860463648642,-4.727176833556883,6.933395259972754,-0.3063077210215871,0.46858029480217384,0.03006204666608414,0.0298560548559319,0.001,0,0.0288560548559319
base,BNBUSDT,1,1733778299999,1733778300000,1733781900000,653.85,677.62,653.915385,677.552238,-0.06391573358923937,-14.925049895109167,22.167775921990863,-0.5557587411598646,0.25224919368528254,0.0363539038005658,0.03614665374481141,0.001,0,0.03514665374481141
base,ETHUSDT,1,1734449099999,1734449100000,1734452700000,3940.99,3944.02,3941.384099,3943.625598,-0.015429700518728643,-4.27702291531675,6.627936970872989,-0.3342965456078998,0.29579111457521645,0.0007688423467200334,0.0005687085916261658,0.001,-0.0001,-0.0005312914083738342
base,DOGEUSDT,1,1734552299999,1734552300000,1734555900000,0.371,0.35803,0.3710371,0.357994197,-0.02736108783841586,-4.275059889093548,15.64925081241112,-0.3586304705896599,0.2935779816513778,-0.034959568733153534,-0.03515255752052826,0.001,0,-0.03615255752052826
base,BNBUSDT,1,1734552599999,1734552600000,1734556200000,689.08,692.1,689.148908,692.03079,-0.02856458466054652,-6.9819149773867935,15.072278513892444,-0.3641137197536839,0.3521126760563381,0.004382655134381963,0.004181798688999816,0.001,0,0.003181798688999816
base,BTCUSDT,1,1734552599999,1734552600000,1734556200000,101832.1,100785.6,101842.28321000001,100775.52144000001,-0.014291612464587445,-4.7423134064405055,20.182321029387218,-0.35450210337298116,0.708179581795818,-0.010276720209050016,-0.010474645072521827,0.001,0,-0.011474645072521827
base,ETHUSDT,1,1734552599999,1734552600000,1734556200000,3698.83,3683.87,3699.1998829999998,3683.501613,-0.02853464786712154,-7.905083924244118,19.49636038179531,-0.34729653141203676,0.432,-0.004044522186745558,-0.00424369336519026,0.001,0,-0.00524369336519026
base,LINKUSDT,1,1734552599999,1734552600000,1734556200000,25.635,25.603,25.637563500000002,25.600439700000003,-0.044256697711149685,-5.214939712058576,13.083691047342564,-0.3328578750204596,0.5932686822589861,-0.0012482933489369463,-0.0014480237172304067,0.001,0,-0.0024480237172304067
base,LTCUSDT,1,1734552599999,1734552600000,1734556200000,110.21,109.14,110.221021,109.129086,-0.04590970130407786,-6.192458147046797,9.812442117522307,-0.2592086882117973,0.6000000000000014,-0.009708737864077555,-0.009906776312659904,0.001,0,-0.010906776312659905
base,BTCUSDT,1,1734619799999,1734619800000,1734623400000,100987.1,100495,100997.19871000001,100484.9505,-0.016839778720246484,-5.76516361455815,6.207471645800262,-0.26840624514456757,0.32817502668089815,-0.004872899607969772,-0.0050719051274962235,0.001,0,-0.0060719051274962235
base,BTCUSDT,1,1734630899999,1734630900000,1734634500000,97787.8,98227.4,97797.57878,98217.57725999999,-0.011814847165308017,-4.017365824057225,6.724991226520327,-0.26540969505401757,0.26104260455405925,0.004495448307457517,0.004294569305696161,0.001,0,0.003294569305696161
base,DOGEUSDT,1,1734630899999,1734630900000,1734634500000,0.32069,0.31615,0.320722069,0.316118385,-0.05296355541130135,-8.44441448627267,13.754543875867817,-0.2633721124093825,0.3356729975227078,-0.014156974024759128,-0.014354122915065104,0.001,0,-0.015354122915065105
base,ETHUSDT,1,1734637499999,1734637500000,1734641100000,3422.75,3392.57,3423.092275,3392.230743,-0.01802080105768033,-4.76441663473105,3.136661265045737,-0.2646390102506808,0.3545112781955009,-0.008817471331531657,-0.009015688015596934,0.001,0,-0.010015688015596935
base,BNBUSDT,-1,1734697799999,1734697800000,1734701400000,641.97,641.84,641.905803,641.904184,0.024759985609294318,5.863442671519906,3.6498725492169393,0.29947697750046,0.2967678746327093,0.00020250167453306211,0.0000025221769182071085,0.001,0,-0.000997477823081793
base,ETHUSDT,1,1736261999999,1736262000000,1736265600000,3568.01,3461.21,3568.366801,3460.863879,-0.015951359105963684,-6.263579291840762,27.584222825291345,-0.3680287689980546,0.5741444866920141,-0.02993265153404845,-0.030126645604334534,0.001,0,-0.031126645604334535
base,LTCUSDT,1,1736261999999,1736262000000,1736265600000,109.35,106.1,109.360935,106.08939,-0.015246687943397562,-4.0129458781669225,11.851243638189715,-0.4603081252592469,0.5867052023121377,-0.029721079103795178,-0.02991511548433634,0.001,0,-0.030915115484336342
base,XRPUSDT,-1,1736358599999,1736358600000,1736362200000,2.2696,2.3077,2.26937304,2.30793077,0.02322316931090712,5.302398986953015,4.990087223731873,0.2586768143088245,0.3026315789473667,-0.016787099048290566,-0.016990476805875954,0.001,0,-0.017990476805875955
base,ETHUSDT,1,1736778899999,1736778900000,1736782500000,2953.73,3051.21,2954.025373,3050.904879,-0.03229261827752594,-11.005425192015286,22.792076961862836,-0.38205275364353297,0.26229247755977453,0.033002339414909265,0.03279575960500747,0.001,0,0.03179575960500747
base,SOLUSDT,-1,1737026099999,1737026100000,1737029700000,204.92,214.23,204.899508,214.251423,0.022652534228249487,5.913019525214324,14.390893501162923,0.2517890060614516,0.33843537414965685,-0.045432363849307045,-0.045641471232815256,0.001,0,-0.04664147123281526
base,DOGEUSDT,1,1737171899999,1737171900000,1737175500000,0.40814,0.40548,0.408180814,0.40543945200000003,-0.025090531705717106,-4.875618271396466,6.9236719391483295,-0.2766126152824261,0.35281615302869274,-0.00651737149017495,-0.006716048148211029,0.001,0,-0.007716048148211029
base,DOGEUSDT,1,1737179999999,1737180000000,1737183600000,0.3875,0.4003,0.38753875,0.40025997,-0.025402316180506344,-4.892298347088263,7.483568994918696,-0.25139726504525617,0.549210206561356,0.03303225806451615,0.03282567227148259,0.001,0,0.031825672271482586
base,DOGEUSDT,1,1737322199999,1737322200000,1737325800000,0.38071,0.3733,0.38074807099999997,0.37326267,-0.033450526242024534,-6.011968568095845,7.567011004996214,-0.2942903523793259,0.3275362318840562,-0.019463633736965025,-0.019659721401451113,0.001,0,-0.020659721401451114
base,ETHUSDT,1,1737322199999,1737322200000,1737325800000,3249.99,3293.18,3250.3149989999997,3292.850682,-0.03747955324332926,-9.779700558045777,10.09694385062377,-0.26304099735986264,0.3085797639570343,0.013289271659297386,0.013086634068724567,0.001,0,0.012086634068724567
base,LINKUSDT,1,1737322199999,1737322200000,1737325800000,25.093,24.906,25.0955093,24.9035094,-0.029452005065531642,-5.1301262560889604,9.136646608768807,-0.3047486266950672,0.402623612512611,-0.007452277527597362,-0.00765076722312219,0.001,0,-0.008650767223122191
base,DOGEUSDT,1,1737326999999,1737327000000,1737330600000,0.35828,0.36034,0.358315828,0.360303966,-0.03091457530811758,-5.452428007668257,5.309063134792569,-0.3165670682769537,0.337078651685395,0.005749692977559562,0.005548563151946517,0.001,0,0.004548563151946517
base,LTCUSDT,1,1737326999999,1737327000000,1737330600000,113.75,116.28,113.761375,116.268372,-0.037938854655231946,-6.764110897544756,5.8994392298510485,-0.3051271282696084,0.3836805555555566,0.022241758241758225,0.022037330332900673,0.001,0,0.021037330332900672
base,XRPUSDT,1,1737326999999,1737327000000,1737330600000,2.9702,2.9754,2.9704970200000003,2.97510246,-0.03914949753501875,-6.755270138222154,12.603860530982628,-0.314984833650755,0.3877790834312566,0.001750723856979386,0.0015503937452190364,0.001,0,0.0005503937452190364
base,ETHUSDT,1,1738535699999,1738535700000,1738539300000,2875.18,2816.59,2875.467518,2816.3083410000004,-0.015673793639110648,-4.035876478149965,8.261098910982486,-0.31555245687530276,0.48631051752921256,-0.020377854603885526,-0.020573759442480855,0.001,0,-0.021573759442480855
base,XRPUSDT,1,1738543499999,1738543500000,1738547100000,2.226,2.2514,2.2262226,2.25117486,-0.07684456568319825,-12.947763996204385,10.07366947308321,-0.28547372786769964,0.2878605769230761,0.011410601976639567,0.011208340082433876,0.001,0,0.010208340082433875
base,ETHUSDT,1,1738547399999,1738547400000,1738551000000,2654.59,2478.46,2654.8554590000003,2478.2121540000003,-0.04785591558617101,-12.145408323066109,19.39507755964251,-0.328457896660834,0.34998303359348515,-0.06634922907115604,-0.06653594055419343,0.001,0,-0.06753594055419343
base,SOLUSDT,1,1738547399999,1738547400000,1738551000000,187.43,188.85,187.448743,188.83111499999998,-0.036495241466366235,-5.59223434961775,8.705421293863187,-0.2775349685695755,0.45582304778198807,0.007576161767059553,0.0073746666842144926,0.001,0,0.0063746666842144925
base,ETHUSDT,1,1739137799999,1739137800000,1739141400000,2538.5,2622.33,2538.75385,2622.067767,-0.027282490872514092,-4.904818465774567,21.208147102812543,-0.2695961631791153,0.42878182200715387,0.03302343903880245,0.03281685500939768,0.001,0,0.03181685500939768
base,ETHUSDT,1,1740434699999,1740434700000,1740438300000,2580.08,2528.9,2580.3380079999997,2528.6471100000003,-0.022128451586621457,-6.613476992595054,15.306931756438386,-0.2637385557615922,0.34625560796042754,-0.019836594214132863,-0.02003260729398182,0.001,0,-0.02103260729398182
base,SOLUSDT,1,1740435299999,1740435300000,1740438900000,144.69,143.41,144.704469,143.395659,-0.036244211457593024,-8.465805783405493,12.632012353077185,-0.26211455273045936,0.8467261904761902,-0.008846499412537123,-0.009044710291566727,0.001,0,-0.010044710291566727
base,BTCUSDT,1,1740479099999,1740479100000,1740482700000,87160,87800.1,87168.716,87791.31999,-0.014332320729256689,-7.064387027121649,7.906609390151497,-0.2573312769552788,0.3084568588809855,0.007343965121615392,0.007142516473455984,0.001,0,0.006142516473455984
base,LINKUSDT,1,1740706199999,1740706200000,1740709800000,14.688,14.291,14.6894688,14.289570900000001,-0.022752731649545922,-4.330868265370982,4.842859664031848,-0.29823805894754996,0.2536585365853638,-0.027028867102396492,-0.027223441871499054,0.001,0,-0.028223441871499055
base,ETHUSDT,-1,1742382899999,1742382900000,1742386500000,2008.69,2019.02,2008.489131,2019.221902,0.01798329547645213,4.077411160540044,14.027033783607951,0.29919608701399114,0.39969096059747644,-0.005142655163315357,-0.005343703799211674,0.001,0,-0.006343703799211674
base,BTCUSDT,1,1742997599999,1742997600000,1743001200000,86792,86720.1,86800.6792,86711.42799000001,-0.010976258646564858,-5.193425868995845,13.939016562676073,-0.31005231368968944,0.28389970306830525,-0.0008284173656557536,-0.0010282317007490605,0.001,0,-0.0020282317007490605
base,ETHUSDT,1,1743136799999,1743136800000,1743140400000,1976.83,1917.01,1977.0276829999998,1916.818299,-0.011447607925376675,-4.574121272117659,7.4737378446121765,-0.3029228221892475,0.45607961921245804,-0.03026056868825333,-0.030454497181666262,0.001,0,-0.03145449718166626
base,ETHUSDT,1,1743247499999,1743247500000,1743251100000,1846.81,1853.37,1846.994681,1853.184663,-0.012858211543459562,-4.866712147207795,15.036691973689248,-0.3059414328559463,0.38629370629370474,0.0035520708681455737,0.003351380523006542,0.001,0,0.002351380523006542
base,LTCUSDT,1,1743632099999,1743632100000,1743635700000,83.57,81.39,83.578357,81.381861,-0.02341916611039761,-7.007787464790523,4.0332824252113415,-0.2969277167680773,0.2989690721649553,-0.026085915998564024,-0.026280679339030222,0.001,0,-0.027280679339030223
base,SOLUSDT,1,1743632099999,1743632100000,1743635700000,122.27,118.83,122.28222699999999,118.818117,-0.024237735219859193,-6.105604272958954,8.556344025387105,-0.2673129190071545,0.3761467889908279,-0.02813445653062896,-0.02832881020395539,0.001,0,-0.02932881020395539
base,XRPUSDT,1,1743632099999,1743632100000,1743635700000,2.0444,2.0241,2.04460444,2.02389759,-0.028548568190952195,-7.544060668648045,5.740483866354578,-0.302023431137202,0.44573643410852415,-0.009929563686167153,-0.010127557974001222,0.001,0,-0.011127557974001223
base,LINKUSDT,1,1743684599999,1743684600000,1743688200000,12.442,12.478,12.4432442,12.4767522,-0.021157235533308102,-4.965667539656418,7.48075404078367,-0.27287351798618475,0.3263888888888804,0.002893425494293389,0.0026928668650574306,0.001,0,0.0016928668650574305
base,ETHUSDT,1,1743731999999,1743732000000,1743735600000,1781.76,1788.2,1781.9381759999999,1788.02118,-0.01615052933558604,-5.205935392503991,14.163352940027734,-0.37768756089726063,0.3170665947694801,0.0036144037356322656,0.003413700925166241,0.001,0,0.002413700925166241
base,ETHUSDT,1,1743971699999,1743971700000,1743975300000,1586.88,1591.67,1587.038688,1591.510833,-0.022494141278991794,-6.689114754344757,7.763806890929782,-0.3000007235029811,0.2848232848232886,0.003018501714055155,0.002817918072076653,0.001,0,0.0018179180720766528
base,ETHUSDT,1,1744007699999,1744007700000,1744011300000,1488.69,1446.12,1488.838869,1445.9753879999998,-0.019134628559905595,-5.298003390903001,5.234603062251707,-0.26071418693565307,0.2878888153540714,-0.028595610906233082,-0.028789872357906643,0.001,0,-0.029789872357906644
base,BNBUSDT,1,1744008899999,1744008900000,1744012500000,522.38,529.42,522.432238,529.3670579999999,-0.017364347825304563,-7.000121493319126,9.814043021324618,-0.28288445087557224,0.6269607843137255,0.013476779356024204,0.013274104267661846,0.001,0,0.012274104267661845
base,SOLUSDT,-1,1744598099999,1744598100000,1744601700000,135.36,132.57,135.34646400000003,132.583257,0.0329696065166017,5.569835272297753,8.244906890541074,0.28300604475466895,0.2786259541984689,0.020611702127659726,0.020415804878360366,0.001,0,0.019415804878360365
base,BTCUSDT,-1,1745358599999,1745358600000,1745362200000,93405,92635.9,93395.6595,92645.16359,0.023122730463739107,8.873385272205509,14.317200533356662,0.45259715298599823,0.28940862535808154,0.008234034580590022,0.008035661550202966,0.001,0,0.007035661550202966
base,SOLUSDT,-1,1745358599999,1745358600000,1745362200000,148.42,147.4,148.405158,147.41474,0.019529079808045295,4.06440652689243,5.81046288509339,0.28063383752275817,0.2608695652173917,0.00687238916588051,0.006673743779175179,0.001,0,0.0056737437791751786
base,LTCUSDT,1,1746474299999,1746474300000,1746477900000,84.93,82.34,84.93849300000001,82.331766,-0.01438032613888329,-4.321681255631676,3.520828363635871,-0.33196380840752104,0.32727272727273293,-0.030495702343106168,-0.030689583814490384,0.001,0,-0.031689583814490385
base,BTCUSDT,-1,1746666299999,1746666300000,1746669900000,97942.3,97867.9,97932.50577,97877.68678999999,0.010146016222190118,6.121690906960803,17.132040310058983,0.3202454910357775,0.6412393834539089,0.0007596309255551992,0.00055976286493431,0.001,0,-0.00044023713506569
base,BTCUSDT,-1,1746717899999,1746717900000,1746721500000,100476.2,100897.9,100466.15238,100907.98978999999,0.008821973955466307,5.316579978798144,17.72988423795619,0.344143314208309,0.34569396095051075,-0.004197013820188333,-0.004397873308901179,0.001,0.00005728,-0.005340593308901179
base,BNBUSDT,1,1746726599999,1746726600000,1746730200000,616.04,617.65,616.101604,617.5882349999999,-0.007842162899532108,-5.595440412006834,10.548087379488074,-0.4916517213144067,0.38721804511277635,0.0026134666580093224,0.002412964014941954,0.001,0,0.001412964014941954
base,LINKUSDT,1,1746946199999,1746946200000,1746949800000,16.579,16.435,16.580657900000002,16.4333565,-0.018880885908925078,-4.933419617966326,5.689558689176949,-0.41095606527012996,0.31683168316831994,-0.008685686712105789,-0.008883929750459596,0.001,0,-0.009883929750459597
base,BTCUSDT,-1,1746989399999,1746989400000,1746993000000,104676.9,104541.6,104666.43230999999,104552.05416,0.007360059918652702,4.149869248905864,3.133876509153985,0.3375927497312403,0.34395082425260637,0.0012925487858351792,0.0010927873194457316,0.001,0,0.00009278731944573158
base,BNBUSDT,1,1747036199999,1747036200000,1747039800000,659.11,669,659.175911,668.9331,-0.012169434427963637,-6.257434715179761,9.930337713455698,-0.2813879506072794,0.5097087378640799,0.0150050826114001,0.014802101892949615,0.001,0,0.013802101892949614
base,DOGEUSDT,-1,1747040099999,1747040100000,1747043700000,0.24765,0.24826,0.247625235,0.24828482600000001,0.020148322186730478,4.056822968937126,3.846983281298438,0.2982833646485499,0.3272727272727308,-0.0024631536442560886,-0.0026636663262531446,0.001,0,-0.0036636663262531446
base,LTCUSDT,-1,1747092299999,1747092300000,1747095900000,104.72,103.73,104.709528,103.740373,0.020352764271235647,4.626907733526616,6.122497678744239,0.2595217967106551,0.5465116279069758,0.009453781512605008,0.009255652456001906,0.001,0.0001,0.008355652456001905
base,LINKUSDT,1,1747230599999,1747230600000,1747234200000,16.857,16.855,16.8586857,16.8533145,-0.021362314698683087,-5.0206354432820675,4.903943130593046,-0.3018239046450739,0.2688172043010792,-0.00011864507326331264,-0.0003186013486210504,0.001,0,-0.0013186013486210504
base,LTCUSDT,1,1747726799999,1747726800000,1747730400000,93.52,93.51,93.52935199999999,93.50064900000001,-0.027737080018459176,-5.731839188803628,13.908568669378223,-0.2815175896096045,0.6219512195122066,-0.00010692899914443998,-0.00030688761748265403,0.001,-0.00001634,-0.0013232276174826542
base,BTCUSDT,1,1748309099999,1748309100000,1748312700000,107987.6,108462.6,107998.39876000001,108451.75374,-0.008482500195033089,-4.118014707590763,17.804971030954615,-0.30985176294018535,0.7817612747190277,0.004398653178698364,0.004197793534026939,0.001,0,0.003197793534026939
base,BNBUSDT,-1,1748355299999,1748355300000,1748358900000,695.73,688.49,695.660427,688.558849,0.010315625455247696,4.978801166625072,20.9463511602365,0.2689982724271891,0.45399999999999635,0.01040633579118333,0.010208397264488966,0.001,0,0.009208397264488966
base,BNBUSDT,1,1749154499999,1749154500000,1749158100000,639.28,628.83,639.343928,628.7671170000001,-0.007418292910530454,-4.102044140366834,8.02195195276932,-0.3791440109617574,0.49479166666665664,-0.0163465148291827,-0.016543225855114252,0.001,0,-0.017543225855114253
base,ETHUSDT,-1,1749217799999,1749217800000,1749221400000,2513.5,2520.24,2513.24865,2520.4920239999997,0.012059743705827445,4.015677733239745,4.005326233533274,0.2698158822826924,0.2652259332023663,-0.0026815197931171486,-0.0028820761527115213,0.001,0,-0.0038820761527115213
base,DOGEUSDT,-1,1749503699999,1749503700000,1749507300000,0.1906,0.19394,0.19058094,0.193959394,0.019977878748355552,5.008499301862931,13.269092181877483,0.40685064103081325,0.5679442508710849,-0.017523609653725236,-0.01772713472816334,0.001,0,-0.01872713472816334
base,LINKUSDT,-1,1749571799999,1749571800000,1749575400000,15.476,15.332,15.4744524,15.3335332,0.03124228635743737,8.160212934528495,9.728901403622938,0.2565980848328835,0.4285714285714326,0.009304729904368036,0.009106571034461997,0.001,0,0.008106571034461996
base,SOLUSDT,1,1749677999999,1749678000000,1749681600000,161.4,159.47,161.41614,159.454053,-0.014516185517185623,-4.154201929843647,3.066782286772463,-0.29578349638719736,0.3333333333333333,-0.01195786864931847,-0.012155457316721963,0.001,0,-0.013155457316721964
base,ETHUSDT,1,1749761099999,1749761100000,1749764700000,2650,2643.82,2650.265,2643.5556180000003,-0.014580040629164803,-4.714277827373404,8.624988510259206,-0.2711941326297095,0.37399510660607377,-0.002332075471698003,-0.002531589105240206,0.001,0,-0.003531589105240206
base,BTCUSDT,1,1749773099999,1749773100000,1749776700000,104743.9,103212.6,104754.37439,103202.27874000001,-0.011453691566536526,-7.059187928779295,17.989582560095336,-0.3125722926687231,0.2698614870243598,-0.014619467100231986,-0.014816523501171797,0.001,0,-0.015816523501171798
base,BTCUSDT,1,1750541699999,1750541700000,1750545300000,101209.9,101800.1,101220.02098999999,101789.91999000001,-0.012594986007995612,-7.246532892678729,16.784356982682645,-0.26619530920745127,0.2528276779773786,0.00583144534279767,0.005630299168346564,0.001,0,0.004630299168346564
base,LTCUSDT,1,1750541699999,1750541700000,1750545300000,79.15,80.03,79.157915,80.021997,-0.02852531952176182,-9.516213789775493,18.60388635898969,-0.2657202287841758,0.42187500000000083,0.011118130132659498,0.01091592672697339,0.001,0,0.00991592672697339
base,SOLUSDT,1,1750541699999,1750541700000,1750545300000,132.76,133.86,132.77327599999998,133.84661400000002,-0.03754782956199501,-9.989781801631107,18.795854216774377,-0.26854534659150775,0.4852941176470602,0.008285628201265549,0.008083991239321575,0.001,0,0.007083991239321575
base,BNBUSDT,1,1750601999999,1750602000000,1750605600000,613.41,610.29,613.4713409999999,610.228971,-0.006694096194895522,-4.120812052375461,3.5106854859451775,-0.31012759679357815,0.39087947882734747,-0.00508632073164772,-0.00528528357121727,0.001,0,-0.00628528357121727
base,ETHUSDT,1,1750622999999,1750623000000,1750626600000,2143.06,2184.39,2143.274306,2184.171561,-0.018534073754811843,-4.782528449108648,4.538621673331702,-0.36932158414614935,0.39113469642578247,0.019285507638610255,0.019081670920754412,0.001,0,0.01808167092075441
base,ETHUSDT,-1,1750686299999,1750686300000,1750689900000,2287.87,2283.75,2287.641213,2283.978375,0.017865059733000597,4.45863985481524,8.54589339799423,0.27067696296566,0.30332583145786884,0.0018008016189731135,0.0016011418133162758,0.001,0,0.0006011418133162758
base,SOLUSDT,-1,1750699799999,1750699800000,1750703400000,136.07,138.07,136.05639299999999,138.08380699999998,0.017644463979709053,4.236754271075025,5.598821535448135,0.25300957037888194,0.28497409326423884,-0.014698317042698639,-0.014901277002103086,0.001,0,-0.015901277002103087
base,BNBUSDT,-1,1750700099999,1750700100000,1750703700000,627.46,629.5,627.3972540000001,629.56295,0.007133519262054579,4.00871605263637,6.954362862241002,0.41947441461372703,0.4372093023255734,-0.0032512032639531174,-0.0034518735716364546,0.001,0,-0.004451873571636455
base,XRPUSDT,-1,1750700099999,1750700100000,1750703700000,2.0373,2.0536,2.03709627,2.0538053599999997,0.020529307284556646,6.303548614631511,10.770841893964777,0.2670125982969149,0.39887640449438716,-0.008000785353163398,-0.008202405672265822,0.001,0,-0.009202405672265823
base,ETHUSDT,-1,1750901699999,1750901700000,1750905300000,2463.68,2464.5,2463.4336319999998,2464.74645,0.018301935479657354,4.5251713398449285,8.883286180958006,0.25176374861641704,0.27558853633572167,-0.00033283543317330633,-0.0005329220089174136,0.001,0,-0.0015329220089174136
base,SOLUSDT,-1,1751297999999,1751298000000,1751301600000,156.06,156.53,156.044394,156.545653,0.029522919250847025,7.569195100012245,14.06088271186361,0.25119951875087865,0.3143812709030083,-0.0030116621812124045,-0.003212284575887958,0.001,0.00003926,-0.004173024575887958
base,ETHUSDT,-1,1752039599999,1752039600000,1752043200000,2636.7,2625.79,2636.43633,2626.052579,0.011354894762262084,4.563814239247866,12.922121662368953,0.3656380858120405,0.30621890547263686,0.004137747942503878,0.0039385555728553845,0.001,0,0.0029385555728553845
base,ETHUSDT,-1,1752084599999,1752084600000,1752088200000,2700.75,2716.51,2700.479925,2716.7816510000002,0.015902882129642266,6.475519180726529,18.490250017278917,0.3819623490664197,0.3347826086956522,-0.005835416088123768,-0.006036603290061615,0.001,0,-0.007036603290061615
base,BTCUSDT,-1,1752089999999,1752090000000,1752093600000,110902.1,110862.8,110891.00979000001,110873.88628,0.0067048980710433855,5.395341594703377,29.766155257894617,0.33209873733363793,0.3757269007107387,0.000354366599009448,0.00015441747741706813,0.001,0,-0.0008455825225829319
base,BTCUSDT,-1,1752182399999,1752182400000,1752186000000,116449.7,116194.6,116438.05503,116206.21946000001,0.025192373773856885,19.401443466269882,42.26617221545254,0.300172583290089,0.26631675034231,0.0021906454031225264,0.0019910635740202354,0.001,0,0.0009910635740202354
base,LTCUSDT,1,1752216599999,1752216600000,1752220200000,94.9,95.11,94.90949,95.100489,-0.009647725839093712,-4.051500487039345,4.99142470793787,-0.3888542059209693,0.3085106382978797,0.002212855637513167,0.0020124331086384117,0.001,0,0.0010124331086384117
base,DOGEUSDT,1,1752324599999,1752324600000,1752328200000,0.1948,0.19532,0.19481948,0.195300468,-0.016647112360737962,-4.466310012010873,5.123105752146027,-0.283170638860223,0.38964577656676075,0.0026694045174537884,0.0024688906879333228,0.001,0,0.0014688906879333228
base,BTCUSDT,-1,1752416399999,1752416400000,1752420000000,119231.5,118952.4,119219.57685,118964.29523999999,0.006757635390265125,4.548755073994654,29.83096708248472,0.39040887728483353,0.3930919529586094,0.002340824362689453,0.002141272572382946,0.001,0,0.0011412725723829462
base,BTCUSDT,-1,1752464699999,1752464700000,1752468300000,121149.8,121199.3,121137.68502,121211.41993,0.01052987191137605,6.969314141313093,36.85800367829204,0.3241603092593641,0.34215789473684516,-0.00040858507401586586,-0.0006086868012034063,0.001,0,-0.0016086868012034064
base,BTCUSDT,-1,1752470699999,1752470700000,1752474300000,122421.7,122390,122409.45783,122402.239,0.009989965134944972,6.51782164696019,21.39123567565819,0.32473226573405234,0.27837168141592716,0.00025894102107715256,0.00005897281246047825,0.001,0,-0.0009410271875395218
base,LTCUSDT,1,1752540599999,1752540600000,1752544200000,93.3,94.04,93.30933,94.030596,-0.024666470508153196,-8.616171798609775,21.427761373490362,-0.30183889454288804,0.2814070351758792,0.007931404072883286,0.007729837948680984,0.001,0,0.006729837948680984
base,BNBUSDT,1,1752548699999,1752548700000,1752552300000,678.8,678.48,678.8678799999999,678.412152,-0.0075876350086241775,-5.652985841840525,8.123790262701801,-0.46127287828263497,0.4506539833531484,-0.0004714201532114437,-0.0006713058806080419,0.001,0,-0.0016713058806080419
base,SOLUSDT,1,1752590699999,1752590700000,1752594300000,159.34,159.59,159.355934,159.574041,-0.01160627030642221,-4.023790456369576,3.548390307242952,-0.4168786427642839,0.29375000000000034,0.0015689720095393156,0.0013686782445139212,0.001,0,0.00036867824451392115
base,LTCUSDT,-1,1752810599999,1752810600000,1752814200000,106.97,107.19,106.959303,107.20071899999999,0.016304965145947616,4.869391216224545,3.979595904177321,0.29938762489144044,0.586206896551727,-0.0020566513975881495,-0.0022570827710048924,0.001,0,-0.0032570827710048924
base,DOGEUSDT,-1,1752815399999,1752815400000,1752819000000,0.24181,0.24224,0.241785819,0.242264224,0.023600409129445235,4.982808218381147,4.362865777041842,0.4876425045079198,0.3357894736842101,-0.0017782556552665696,-0.001978631343966475,0.001,0,-0.002978631343966475
base,LTCUSDT,-1,1752990299999,1752990300000,1752993900000,115.88,115.36,115.86841199999999,115.37153599999999,0.017587080499222422,4.127455572663749,5.1090762370242135,0.2598640775306327,0.35820895522387586,0.004487400759406235,0.004288278327314932,0.001,0,0.0032882783273149316
base,SOLUSDT,1,1753049699999,1753049700000,1753053300000,179.21,180.01,179.227921,179.991999,-0.01692986493960835,-4.967026141691358,5.6172881250075575,-0.4468992999103708,0.4754716981132031,0.004464036605100086,0.004263163885050991,0.001,0,0.003263163885050991
base,BNBUSDT,-1,1753229699999,1753229700000,1753233300000,796.01,798.79,795.930399,798.869879,0.010608839079412413,4.122128995605884,7.607044096725239,0.2803005657507165,0.4020467836257291,-0.0034924184369542477,-0.0036931369924972923,0.001,0,-0.004693136992497292
base,DOGEUSDT,1,1753278299999,1753278300000,1753281900000,0.24324,0.24714,0.243264324,0.247115286,-0.029653406165522186,-4.753152008714003,12.908775131134842,-0.2996855856691877,0.39280774550484293,0.016033547113961433,0.015830360723177783,0.001,0,0.014830360723177782
base,LINKUSDT,1,1753278299999,1753278300000,1753281900000,18.104,18.254,18.1058104,18.2521746,-0.02482058414044991,-5.130879571073326,11.977269083266174,-0.2720044525655343,0.3732534930139735,0.008285461776403213,0.008083824847740617,0.001,0,0.007083824847740617
base,LTCUSDT,1,1753278299999,1753278300000,1753281900000,112.36,113.65,112.371236,113.63863500000001,-0.024175939001520878,-4.8880580932245055,11.056484957600038,-0.2809402197626364,0.5324384787472027,0.01148095407618377,0.01127867811296479,0.001,0,0.01027867811296479
base,SOLUSDT,1,1753278299999,1753278300000,1753281900000,189.52,190.57,189.538952,190.550943,-0.023104628898942724,-5.871170342064456,10.526139939860716,-0.2741479925873396,0.36914062500000255,0.005540312368087719,0.0053392244144094825,0.001,0,0.0043392244144094825
base,SOLUSDT,1,1754078999999,1754079000000,1754082600000,163.94,163.79,163.956394,163.773621,-0.017235028864197175,-4.1067333030557105,7.08379855294665,-0.30774660985664104,0.3471337579617829,-0.0009149688910576881,-0.0011147659175768654,0.001,0,-0.0021147659175768654
base,ETHUSDT,-1,1755029999999,1755030000000,1755033600000,4601.26,4606.69,4600.799874,4607.150669,0.02102020885237919,6.456363924535823,14.305160174757994,0.2796798254694033,0.2963645176926788,-0.0011801115346663504,-0.0013803675825780903,0.001,0,-0.0023803675825780904
base,BNBUSDT,1,1755174899999,1755174900000,1755178500000,841.34,835.83,841.424134,835.7464170000001,-0.025036078161324773,-9.82915704660918,17.270502743534507,-0.2515352599003504,0.25952693823915873,-0.006549076473245097,-0.006747746790918496,0.001,0,-0.007747746790918496
base,ETHUSDT,1,1755174899999,1755174900000,1755178500000,4560.59,4544.05,4561.046059,4543.595595000001,-0.03422755283590557,-10.25301928171861,21.172090590616417,-0.2981800277081651,0.29560640732265514,-0.0036267237353061477,-0.003825978465086033,0.001,0,-0.004825978465086033
base,XRPUSDT,1,1755174899999,1755174900000,1755178500000,3.0663,3.1052,3.06660663,3.10488948,-0.049780507626327866,-13.112570570476977,26.22228536539889,-0.294265004500323,0.256029684601112,0.012686299448847027,0.012483782440658286,0.001,0,0.011483782440658286
base,ETHUSDT,1,1756064099999,1756064100000,1756067700000,4863.64,4793.24,4864.126364000001,4792.760676,-0.016696975488026254,-4.152985708033573,13.156021546573157,-0.3272664304134041,0.3711419097015539,-0.014474755532893124,-0.014671840873252573,0.001,0,-0.015671840873252574
base,LTCUSDT,1,1757304599999,1757304600000,1757308200000,113.22,113.34,113.23132199999999,113.328666,-0.01698814935486789,-6.503397935137299,17.73010507769714,-0.28852107812827255,0.43478260869565755,0.0010598834128245915,0.0008596914553378188,0.001,0,-0.00014030854466218125
base,BNBUSDT,-1,1757512199999,1757512200000,1757515800000,906.4,903.96,906.30936,904.050396,0.006497230827615181,4.090960574297073,13.163408367288847,0.2649768214702841,0.320150659133715,0.0026919682259487487,0.002492486671438532,0.001,0,0.0014924866714385318
base,BNBUSDT,-1,1757698199999,1757698200000,1757701800000,916.77,922.36,916.678323,922.452236,0.007620836409807525,5.251838025724173,24.249955433633115,0.3393895808727594,0.2754285714285678,-0.0060974944642604445,-0.006298734087115454,0.001,0,-0.007298734087115454
base,DOGEUSDT,1,1757783699999,1757783700000,1757787300000,0.28271,0.28596,0.28273827100000004,0.285931404,-0.0369473642164376,-9.401414746020054,7.946125891296761,-0.3673366507091257,0.38196555217831807,0.011495879169466816,0.011293600221527589,0.001,0,0.010293600221527588
base,LTCUSDT,1,1757812499999,1757812500000,1757816100000,117.45,118.79,117.46174500000001,118.77812100000001,-0.010585693971069204,-4.249601760786019,6.065989415087527,-0.29213333592205115,0.3333333333333275,0.01140911025968494,0.011206848663792623,0.001,0,0.010206848663792623
base,BNBUSDT,1,1757926199999,1757926200000,1757929800000,913.52,916.58,913.611352,916.4883420000001,-0.0062637291623246424,-4.092129389574431,7.632976429352242,-0.3344564539802414,0.2929782082324466,0.0033496803572992118,0.0031490304862149543,0.001,0,0.0021490304862149543
base,BNBUSDT,-1,1758379799999,1758379800000,1758383400000,1010.72,1021.85,1010.618928,1021.952185,0.007408176879552832,4.036140995159842,16.563902631412947,0.32161996862875775,0.25031133250311305,-0.011011951875890436,-0.011214174488526796,0.001,0,-0.012214174488526797
base,BNBUSDT,-1,1758404399999,1758404400000,1758408000000,1036.98,1038.93,1036.8763020000001,1039.033893,0.01259599380471875,6.72296479718458,14.886809827616972,0.2898744650739751,0.5295075295075305,-0.001880460568188358,-0.00208085669991509,0.001,0,-0.00308085669991509
base,ETHUSDT,1,1758501299999,1758501300000,1758504900000,4372.9,4342.27,4373.3372899999995,4341.835773000001,-0.01440572524800209,-6.6106437721698255,53.31090924643695,-0.30276647336121865,0.3560903732809448,-0.007004505019552076,-0.007203084260623993,0.001,0,-0.008203084260623994
base,DOGEUSDT,1,1758501899999,1758501900000,1758505500000,0.25061,0.25078,0.250635061,0.250754922,-0.028481195045214548,-6.220656015484562,6.596546000545654,-0.29625114904829786,0.4495412844036578,0.0006783448385938584,0.0004782291811917805,0.001,0,-0.0005217708188082195
base,LTCUSDT,1,1758521099999,1758521100000,1758524700000,105.11,106.64,105.120511,106.629336,-0.05117913262020239,-20.024560702792275,62.42677401997354,-0.2596451951076941,0.5100446428571432,0.01455617924079533,0.01435328829404181,0.001,0,0.01335328829404181
base,ETHUSDT,-1,1758598499999,1758598500000,1758602100000,4190.7,4158.39,4190.28093,4158.805839000001,0.00975463091137494,4.050491801478236,3.1874465954799014,0.26949590064914375,0.2566287878787927,0.007709929128785098,0.00751145126682462,0.001,0,0.00651145126682462
base,DOGEUSDT,1,1758803399999,1758803400000,1758807000000,0.22687,0.2319,0.22689268699999998,0.23187681,-0.02110482100272848,-4.4582480101187265,8.975228563906194,-0.38048552585920303,0.2692939244663394,0.022171287521488114,0.02196687370536532,0.001,0,0.02096687370536532
base,ETHUSDT,1,1758803399999,1758803400000,1758807000000,3940.18,4001.36,3940.574018,4000.9598640000004,-0.017446223203961,-6.982604797068211,8.802818828063485,-0.4144704167537554,0.29766374634960296,0.015527209416828835,0.015324124283458751,0.001,0,0.01432412428345875
base,SOLUSDT,1,1758803399999,1758803400000,1758807000000,198.22,201.04,198.239822,201.019896,-0.019731402647672817,-5.73365092980752,8.064427307062886,-0.3820918412395745,0.36039603960396027,0.014226616890323784,0.014023791849449907,0.001,0,0.013023791849449906
base,ETHUSDT,-1,1759097999999,1759098000000,1759101600000,4103.69,4122.63,4103.279630999999,4123.042263,0.011546314859846115,4.319593327992691,5.134655410655645,0.3109542185789662,0.3136531365313835,-0.004615358372586753,-0.004816301538578038,0.001,0,-0.005816301538578038
base,BTCUSDT,-1,1759639799999,1759639800000,1759643400000,125284.7,125100.9,125272.17152999999,125113.41008999999,0.0102442888693424,6.500976953156291,39.39993408917374,0.29627718742813136,0.3686174513340344,0.0014670586272705899,0.001267332066339888,0.001,0,0.0002673320663398879
base,BNBUSDT,1,1759840499999,1759840500000,1759844100000,1305.4,1315.27,1305.53054,1315.138473,-0.017488153802494587,-5.688256081445523,8.720772517484075,-0.3378115328823227,0.33072916666666907,0.0075609008732955285,0.007359408842323889,0.001,0,0.006359408842323889
base,SOLUSDT,1,1759844699999,1759844700000,1759848300000,227.37,226.25,227.392737,226.227375,-0.01735306886096112,-4.998424117201545,13.820819680831423,-0.2645171896314573,0.36656891495601207,-0.004925891718344566,-0.005124886640508697,0.001,0,-0.006124886640508697
base,BTCUSDT,1,1759846499999,1759846500000,1759850100000,122795.6,121906.8,122807.87956,121894.60932,-0.00835213874405945,-5.168846712488514,7.607675806924794,-0.2627991904462825,0.2612481857764877,-0.007238044359895612,-0.0074365768977698865,0.001,0,-0.008436576897769887
base,BTCUSDT,-1,1759932299999,1759932300000,1759935900000,123020,122252.3,123007.698,122264.52523,0.007424665935291818,4.463307821649702,6.724403678364328,0.2805979412390347,0.379109500388296,0.0062404487075271575,0.0060416769200900555,0.001,0,0.0050416769200900555
base,LTCUSDT,1,1760058599999,1760058600000,1760062200000,127.66,127.93,127.672766,127.917207,-0.012610114944874046,-4.03054903117065,3.066890951763032,-0.3405506623684683,0.4070796460176901,0.0021149929500234865,0.0019145899917294429,0.001,0,0.0009145899917294429
base,XRPUSDT,1,1760109899999,1760109900000,1760113500000,2.7516,2.7487,2.75187516,2.7484251299999998,-0.012854482832248569,-5.375521706441868,21.137047666467716,-0.2756484303370441,0.2861111111111102,-0.0010539322575955357,-0.0012537014942204383,0.001,-0.00001196,-0.0022656614942204384
base,LTCUSDT,1,1760110199999,1760110200000,1760113800000,126.97,127.93,126.982697,127.917207,-0.02050034769297997,-5.91019434425874,4.997355878856298,-0.2815543574114393,0.39772727272727637,0.007560841143577246,0.007359349124550496,0.001,-0.0001,0.006259349124550496
base,XRPUSDT,1,1760129999999,1760130000000,1760133600000,2.4961,2.3266,2.49634961,2.32636734,-0.07584910432920937,-30.31334034766295,47.555369226506464,-0.29526372397690503,0.3714867617107946,-0.06790593325587924,-0.06809233342921073,0.001,0,-0.06909233342921073
base,BNBUSDT,1,1760130899999,1760130900000,1760134500000,1114.29,1097.66,1114.401429,1097.550234,-0.0742073766566994,-20.33212335630068,24.44747675382789,-0.3251125385376007,0.35538664391530284,-0.014924301573199017,-0.015121297013340418,0.001,0,-0.01612129701334042
base,ETHUSDT,1,1760130899999,1760130900000,1760134500000,3723.05,3895,3723.422305,3894.6105000000002,-0.037356359550503246,-12.848759772650556,21.21035687660334,-0.3101077126297881,0.3878083084628318,0.046185251339627476,0.04597603521097238,0.001,0,0.044976035210972376
base,LTCUSDT,1,1760130899999,1760130900000,1760134500000,114.11,96.25,114.121411,96.240375,-0.06291061953740958,-16.7458718022887,9.60758095493424,-0.28667767638223984,0.33389830508474566,-0.1565156428008062,-0.1566843228042457,0.001,0,-0.1576843228042457
base,SOLUSDT,1,1760130899999,1760130900000,1760134500000,185.16,188.68,185.178516,188.661132,-0.06122170122667678,-17.234827049000398,24.32001663816597,-0.32878112794542236,0.42595978062157197,0.019010585439619865,0.018806803700705865,0.001,0,0.017806803700705864
base,BTCUSDT,-1,1761516299999,1761516300000,1761519900000,114749.4,114751.5,114737.92506,114762.97515,0.010725772062425478,4.623936496593113,29.447273633408606,0.37222541525047936,0.37409165778509745,-0.000018300749285105056,-0.00021832441180102968,0.001,0,-0.0012183244118010297
base,BNBUSDT,1,1761572699999,1761572700000,1761576300000,1150.27,1140.01,1150.385027,1139.895999,-0.019006527121518794,-4.4290578782792105,20.400689916325177,-0.30629049645468265,0.5101847465656103,-0.008919644952924077,-0.009117841204308363,0.001,0,-0.010117841204308364
base,LTCUSDT,-1,1761578099999,1761578100000,1761581700000,100.6,101.96,100.58994,101.97019599999999,0.015327121986155245,4.158788650885671,18.48679073839604,0.30287166301077106,0.33774834437085693,-0.013518886679920517,-0.013721610729661382,0.001,0.0001,-0.014621610729661384
base,BTCUSDT,1,1761798599999,1761798600000,1761802200000,108329,109097.5,108339.8329,109086.59025000001,-0.014892855174479063,-6.463046380742293,13.6467745374898,-0.27483158207156944,0.3192910191599515,0.007094129919043013,0.0068927312329278845,0.001,0,0.0058927312329278845
base,LTCUSDT,-1,1761980399999,1761980400000,1761984000000,97.69,99.04,97.68023099999999,99.04990400000001,0.017971977211142284,5.147948705794119,17.523662734867724,0.2710808693819424,0.2690355329949246,-0.013819224076159431,-0.014022008199387148,0.001,0,-0.015022008199387149
base,ETHUSDT,1,1762234499999,1762234500000,1762238100000,3525.56,3527.73,3525.9125559999998,3527.377227,-0.02206880488419166,-6.781441753504398,6.792674028242945,-0.26307767610837984,0.27450576606260857,0.000615505054516241,0.00041540196381428807,0.001,0,-0.000584598036185712
base,ETHUSDT,1,1762287599999,1762287600000,1762291200000,3167.76,3186.11,3168.0767760000003,3185.791389,-0.015946624113939892,-4.761816674702487,11.49406003483092,-0.3005478535075792,0.4282051282051307,0.00579273682349668,0.00559159838997525,0.001,0,0.00459159838997525
base,LTCUSDT,1,1762964099999,1762964100000,1762967700000,97.52,96.06,97.529752,96.050394,-0.024912680812408244,-4.252387649465962,21.173868853066036,-0.26515568930426003,0.3047619047619036,-0.014971287940935163,-0.01516827398474263,0.001,0,-0.01616827398474263
base,ETHUSDT,1,1763435099999,1763435100000,1763438700000,2959.53,3013.11,2959.825953,3012.808689,-0.02307990011358121,-5.019972382424387,7.49653975236621,-0.2570444751739699,0.3629447303647401,0.018104226008859525,0.017900625523706193,0.001,0,0.016900625523706192
base,DOGEUSDT,1,1763654999999,1763655000000,1763658600000,0.15412,0.14948,0.154135412,0.14946505200000001,-0.024672040577644775,-5.4327856122326565,15.961477232564816,-0.3200337744271651,0.4018264840182616,-0.03010641058915131,-0.030300369911101188,0.001,0,-0.03130036991110119
base,BNBUSDT,1,1763710499999,1763710500000,1763714100000,823.95,834.48,824.0323950000001,834.396552,-0.03197846248125331,-9.50005260776791,22.669862354139394,-0.4140392525463641,0.4957862281603292,0.012779901693063866,0.012577365966297993,0.001,-0.00002824,0.011549125966297992
base,BTCUSDT,1,1763710499999,1763710500000,1763714100000,83342.6,84058.2,83350.93426000001,84049.79418,-0.024128604749332518,-8.757501466466987,24.757291865131737,-0.3880430749905507,0.535539450950278,0.008586245209532661,0.00838454813019851,0.001,-0.00004524,0.00733930813019851
base,DOGEUSDT,1,1763710499999,1763710500000,1763714100000,0.13762,0.14096,0.137633762,0.140945904,-0.055532495869672474,-11.922381823817155,19.30766981671047,-0.28930872561865484,0.3189577717879602,0.02426972823717488,0.024064894774873835,0.001,0.00008081,0.023145704774873835
base,ETHUSDT,1,1763710499999,1763710500000,1763714100000,2681.51,2731.96,2681.778151,2731.686804,-0.032073083709642125,-7.2632073054909805,16.320547945398495,-0.2930424594978256,0.3291042882517115,0.018814026425409525,0.018610283994367594,0.001,-0.00001947,0.017590813994367592
base,LTCUSDT,1,1763710499999,1763710500000,1763714100000,82.65,84.59,82.658265,84.581541,-0.04193436858606115,-6.94813041237308,23.41167877910397,-0.3033168992020856,0.430420711974109,0.023472474289171208,0.023267800261716154,0.001,-0.00007522,0.022192580261716152
base,SOLUSDT,1,1763710499999,1763710500000,1763714100000,124.72,127.8,124.732472,127.78722,-0.03915286657287705,-8.220026261338361,14.70874493592274,-0.32335323858653175,0.44047619047619124,0.024695317511225223,0.02449039893958016,0.001,-0.00005033,0.023440068939580158
base,BTCUSDT,1,1763727899999,1763727900000,1763731500000,81057.9,83592.7,81066.00579,83584.34073,-0.011889317464943013,-4.205630628183343,6.041492135051006,-0.32893833544802387,0.2632727272727296,0.031271473847706455,0.031065240176304076,0.001,0,0.030065240176304076
base,ETHUSDT,1,1763727899999,1763727900000,1763731500000,2632.14,2733.62,2632.403214,2733.346638,-0.01958918024281035,-4.381740793444061,4.433440723397465,-0.26979878593695794,0.2501029230135881,0.038554180248771,0.038346490181727866,0.001,0,0.037346490181727865
base,ETHUSDT,1,1764547799999,1764547800000,1764551400000,2935.23,2850.04,2935.523523,2849.754996,-0.018520547735363067,-4.475020937729566,31.070695536589167,-0.25250640005150204,0.33403666095212914,-0.029023279266020108,-0.029217455192574127,0.001,0,-0.030217455192574127
base,LTCUSDT,1,1764603299999,1764603300000,1764606900000,75.06,75.28,75.067506,75.27247200000001,-0.017692566074564372,-4.3011257296614565,8.604519815002147,-0.49246972201848904,0.3511450381679336,0.002930988542499291,0.002730422401405086,0.001,0.00003995,0.001770372401405086
base,ETHUSDT,-1,1764688499999,1764688500000,1764692100000,2954.09,3015.94,2953.7945910000003,3016.241594,0.02065814651204695,5.157424150524967,10.264871434609883,0.26500898864118794,0.30314807617566847,-0.02093707368428177,-0.021141281519802213,0.001,0.00004147,-0.022099811519802216
base,LTCUSDT,1,1764953099999,1764953100000,1764956700000,80.18,80.18,80.188018,80.17198200000001,-0.015103035284089744,-4.309820690991303,8.199093226628353,-0.3342854332554541,0.3043478260869628,0,-0.0001999800019996112,0.001,0,-0.0011999800019996112
base,ETHUSDT,1,1765117499999,1765117500000,1765121100000,2968.63,2954.99,2968.926863,2954.694501,-0.01901215711492523,-5.544938297076275,32.3212072733669,-0.3680769967746572,0.3408736349454008,-0.004594712038886728,-0.0047937731903637815,0.001,0,-0.0057937731903637815
base,ETHUSDT,-1,1765128299999,1765128300000,1765131900000,3090.86,3140.78,3090.5509140000004,3141.094078,0.02009799324988117,5.715699712323694,10.937416236963351,0.3672568409640111,0.33333333333332954,-0.016150844748710647,-0.0163540952427097,0.001,0,-0.0173540952427097
base,LTCUSDT,1,1765810799999,1765810800000,1765814400000,79.56,77.79,79.567956,77.782221,-0.013483350337286988,-4.55012914979636,18.80207780517389,-0.3403393844584417,0.4512195121951234,-0.02224736048265452,-0.02244289145746048,0.001,0,-0.02344289145746048
base,DOGEUSDT,1,1766702999999,1766703000000,1766706600000,0.12397,0.1235,0.123982397,0.12348765,-0.0188579299918906,-5.539779796856026,27.849883004358603,-0.3338228456353013,0.3379790940766532,-0.003791239816084535,-0.0039904616459383035,0.001,0,-0.004990461645938304
base,LINKUSDT,1,1767010199999,1767010200000,1767013800000,12.339,12.337,12.3402339,12.3357663,-0.014800784986917413,-4.140948741280733,17.284884820948495,-0.27613305420110934,0.31963470319634657,-0.00016208768944003804,-0.0003620352771432911,0.001,0,-0.0013620352771432911
base,BNBUSDT,-1,1767190499999,1767190500000,1767194100000,876.01,864.94,875.922399,865.0264940000001,0.008218611966140156,4.155888659487621,6.222339362071731,0.3340333828230515,0.379310344827597,0.012636842045182006,0.012439349664353005,0.001,0,0.011439349664353005
base,BNBUSDT,-1,1767368699999,1767368700000,1767372300000,880.72,885.31,880.631928,885.3985309999999,0.007624967845465544,4.736026972435171,5.698746337498793,0.4512504972889084,0.3026315789473586,-0.005211645017712652,-0.005412707452959742,0.001,0.00005392,-0.006358787452959742
base,LTCUSDT,1,1767425099999,1767425100000,1767428700000,81.31,81.63,81.31813100000001,81.621837,-0.010886291842388058,-4.677701277418825,8.138852145546558,-0.3394996734829909,0.5000000000000169,0.003935555282253089,0.0037347882478999672,0.001,-0.00008646,0.002648328247899967
base,LTCUSDT,1,1767452099999,1767452100000,1767455700000,80.92,81.31,80.928092,81.301869,-0.012161565039275521,-5.184003794643607,5.640905937962677,-0.2946582671626282,0.2807017543859623,0.0048195748887791545,0.0046186310681832765,0.001,0,0.0036186310681832765
base,DOGEUSDT,-1,1767486899999,1767486900000,1767490500000,0.14647,0.14597,0.14645535299999998,0.145984597,0.013955473454010948,4.3861279999952005,5.505718381004625,0.3789941490105424,0.26315789473684487,0.0034136683279852864,0.003214331127930792,0.001,0,0.0022143311279307918
base,DOGEUSDT,1,1767553799999,1767553800000,1767557400000,0.14852,0.14996,0.14853485200000002,0.14994500400000002,-0.019468579431804963,-5.939303450047846,12.459212118773506,-0.2836797046841548,0.25222551928783193,0.009695663883652061,0.009493744942769444,0.001,0,0.008493744942769443
base,ETHUSDT,-1,1767708899999,1767708900000,1767712500000,3273.96,3279.65,3273.632604,3279.977965,0.011569559458377548,5.503181909821051,14.556358771127456,0.33497870244880557,0.2899294419499683,-0.0017379564808366332,-0.001938324108895717,0.001,0,-0.002938324108895717
base,DOGEUSDT,1,1767715799999,1767715800000,1767719400000,0.14749,0.1457,0.14750474900000002,0.14568543,-0.016474837203504872,-4.694258845830053,29.909268574561445,-0.39357119290365883,0.6618985695708726,-0.012136416028205366,-0.012333968989703625,0.001,0,-0.013333968989703626
base,BNBUSDT,1,1767722399999,1767722400000,1767726000000,894.21,901.35,894.299421,901.259865,-0.013595224557831685,-8.255730793239708,12.639656448544907,-0.40528789269435717,0.29729729729731,0.007984701580165732,0.007783124797527963,0.001,0,0.006783124797527963
base,LINKUSDT,1,1767722399999,1767722400000,1767726000000,13.511,13.649,13.512351099999998,13.647635099999999,-0.015932204409968866,-5.532854335481973,4.802885550548101,-0.2943156523182886,0.3795620437956212,0.010213899785360026,0.010011877207660724,0.001,0,0.009011877207660723
base,DOGEUSDT,1,1767853199999,1767853200000,1767856800000,0.14328,0.14327,0.143294328,0.143255673,-0.015030585997883174,-4.005695013227178,6.901482831631212,-0.312505923340174,0.35955056179775297,-0.00006979341150181728,-0.0002697594562152128,0.001,0,-0.0012697594562152128
base,DOGEUSDT,1,1768146599999,1768146600000,1768150200000,0.1376,0.13888,0.13761376,0.138866112,-0.017433088090495163,-4.494204971086425,46.079656317710686,-0.27352743270460433,0.36666666666667247,0.009302325581395321,0.00910048530030716,0.001,-9.3e-7,0.008099555300307159
base,XRPUSDT,1,1768162799999,1768162800000,1768166400000,2.0496,2.0613,2.04980496,2.06109387,-0.012798313143309509,-4.005142089141984,17.31340782271842,-0.2775933492613821,0.32307692307691677,0.00570843091334905,0.005507309339323863,0.001,0,0.0045073093393238626
base,LTCUSDT,1,1768336799999,1768336800000,1768340400000,76.47,76.84,76.477647,76.832316,-0.010536682848128847,-4.095137394439749,3.0258644239651775,-0.3060898468493062,0.2765957446808421,0.00483849875768283,0.00463755115269171,0.001,0,0.00363755115269171
base,BTCUSDT,-1,1768342499999,1768342500000,1768346100000,95575.9,95695.3,95566.34241,95704.86953,0.016201518843053875,9.38266889593917,26.237208406349588,0.2587614781324814,0.5778585532220429,-0.001249268905655132,-0.001449538786424176,0.001,0,-0.002449538786424176
base,LTCUSDT,1,1768430699999,1768430700000,1768434300000,76.59,76.59,76.59765900000001,76.582341,-0.0119419903101529,-4.278453222589628,6.852490543381177,-0.42087098907684284,0.3207547169811346,0,-0.00019998000199994426,0.001,0,-0.0011999800019999443
base,LTCUSDT,1,1768448399999,1768448400000,1768452000000,73.33,74.47,73.337333,74.462553,-0.029431674843830056,-10.263014295051892,4.348868370391439,-0.26109507806521637,0.2826086956521635,0.01554616118914498,0.015343072265799451,0.001,0,0.01434307226579945
base,LTCUSDT,1,1768577699999,1768577700000,1768581300000,71.32,71.88,71.32713199999999,71.872812,-0.013092109004942865,-4.186999047395184,11.32098157185792,-0.2935583023871968,0.42608695652173784,0.007851934941110583,0.007650384709145586,0.001,0.0000273,0.006677684709145586
base,BNBUSDT,-1,1768665299999,1768665300000,1768668900000,955.41,951.16,955.3144589999999,951.2551159999999,0.008672534212953343,4.7264598816952565,42.756868669392865,0.33689629822449896,0.4213576158940409,0.004448352016411805,0.004249221773790834,0.001,0,0.0032492217737908344
base,LTCUSDT,1,1768778999999,1768779000000,1768782600000,73.13,69.25,73.13731299999999,69.243075,-0.019365491094476,-6.06825651716453,32.966312234421466,-0.3860764639588362,0.4112149532710258,-0.05305620128538213,-0.05324557110814265,0.001,0.00001732,-0.05422825110814265
base,ETHUSDT,1,1768781099999,1768781100000,1768784700000,3257.4,3213.01,3257.72574,3212.6886990000003,-0.011006316408103857,-4.399235763846547,54.532051259402095,-0.3227424206195668,0.623412640490442,-0.013627432921962224,-0.013824687709898975,0.001,0,-0.014824687709898976
base,ETHUSDT,1,1768948499999,1768948500000,1768952100000,2934.68,2946.67,2934.9734679999997,2946.375333,-0.020155545877358478,-8.153316789669425,11.106002154284127,-0.3294485794348406,0.32937249666221685,0.004085624327013537,0.0038848272818527985,0.001,0,0.0028848272818527984
base,ETHUSDT,-1,1769008799999,1769008800000,1769012400000,3017.77,2976.63,3017.468223,2976.927663,0.014536328284186377,5.69237525296885,8.658147535148753,0.25279364635724333,0.265619993591796,0.013632583000029785,0.013435289787308569,0.001,0.00001113,0.012446419787308568
base,DOGEUSDT,-1,1769024399999,1769024400000,1769028000000,0.12674,0.12689,0.126727326,0.126902689,0.025170119461139492,7.127849672048127,6.1762580271121434,0.2626800794511901,0.49090909090908175,-0.0011835253274421476,-0.0013837820581805715,0.001,0,-0.0023837820581805716
base,SOLUSDT,1,1769357099999,1769357100000,1769360700000,123.8,122.4,123.81237999999999,122.38776,-0.015310306676243909,-5.234287980386223,68.1835405723185,-0.26968374743292844,0.5128205128205112,-0.011308562197091976,-0.01150628071280102,0.001,0,-0.012506280712801021
base,DOGEUSDT,1,1769699099999,1769699100000,1769702700000,0.11774,0.11556,0.11775177399999999,0.115548444,-0.015676680087486385,-4.956508420151357,20.653295922691914,-0.27828659245359477,0.3827160493827194,-0.018515372855444245,-0.018711650153143244,0.001,0.0000892,-0.019622450153143244
base,BNBUSDT,1,1769701499999,1769701500000,1769705100000,858.64,861.16,858.725864,861.073884,-0.011440871452302225,-5.794632196306871,9.999266574331681,-0.4289803240970719,0.2620578778135029,0.00293487375384327,0.0027343068357843503,0.001,-0.0000228,0.0017115068357843504
base,LINKUSDT,1,1769701499999,1769701500000,1769705100000,10.894,11.009,10.8950894,11.007899100000001,-0.013854929493554958,-4.376937310153885,9.965389487595681,-0.34232050916476375,0.36111111111110655,0.010556269506150295,0.010354178461353447,0.001,0.0000941,0.009448278461353446
base,BNBUSDT,1,1769737199999,1769737200000,1769740800000,853.95,843.6,854.035395,843.5156400000001,-0.009022827961597884,-4.4880315065222325,4.809282671569012,-0.3132238470855431,0.3182795698924786,-0.012120147549622318,-0.012317703764490817,0.001,0,-0.013317703764490818
base,BTCUSDT,1,1769737199999,1769737200000,1769740800000,82851.5,81836.7,82859.78515,81828.51633,-0.011330651425233075,-5.620924105010231,9.687985541300801,-0.3478797903185842,0.40242424242424635,-0.012248420366559487,-0.012445950929429794,0.001,0,-0.013445950929429795
base,BNBUSDT,1,1769797499999,1769797500000,1769801100000,834.23,855.49,834.3134230000001,855.404451,-0.013986408460256491,-6.449367453818232,5.062385278543608,-0.2780475841124531,0.33283803863298705,0.02548457859343345,0.025279502185355573,0.001,0,0.024279502185355573
base,BTCUSDT,1,1769797499999,1769797500000,1769801100000,81983.6,84382.8,81991.79836,84374.36172,-0.010681469460497995,-4.939326876337777,3.2329696258028195,-0.25047804748798197,0.3821158690176249,0.02926438946325849,0.02905855716859529,0.001,0,0.02805855716859529
base,BTCUSDT,1,1769879699999,1769879700000,1769883300000,78816,78595.9,78823.8816,78588.04041,-0.018901127667339212,-8.163714203645824,21.322366521939156,-0.2576862990997544,0.5294928154320613,-0.002792580186764204,-0.002992001728572502,0.001,0,-0.003992001728572502
base,BTCUSDT,1,1769885099999,1769885100000,1769888700000,77518.8,77482.6,77526.55188,77474.85174000001,-0.011302164258809266,-4.7839933145465166,19.90767323561328,-0.36708746481681587,0.9585635359116024,-0.0004669834930365324,-0.0006668701076762984,0.001,0,-0.0016668701076762984
base,SOLUSDT,1,1769885099999,1769885100000,1769888700000,100.2,101.8,100.21002,101.78981999999999,-0.031533480546119215,-8.973223925372086,18.288424927202854,-0.30271587805022704,0.7025411061285507,0.015968063872255467,0.01576489057681041,0.001,0,0.014764890576810408
base,BNBUSDT,1,1769956799999,1769956800000,1769960400000,747.63,749.1,747.704763,749.02509,-0.015738952205002814,-6.26296469472619,5.01097151275317,-0.26975125490949947,0.2839999999999994,0.0019662132338189586,0.0017658400284925602,0.001,0,0.0007658400284925601
base,DOGEUSDT,-1,1770134399999,1770134400000,1770138000000,0.11012,0.10638,0.11010898799999999,0.106390638,0.02092203311040952,4.769842515634338,3.7242326289193857,0.31420152514825683,0.30894308943089993,0.03396294950962575,0.033769722776854416,0.001,0,0.032769722776854415
base,BTCUSDT,1,1770260399999,1770260400000,1770264000000,71429.1,71199,71436.24291,71191.8801,-0.015518250948368008,-4.956486828877515,3.802420717129546,-0.2920865554205734,0.3091823430806515,-0.0032213761618165027,-0.0034207119530049734,0.001,0,-0.0044207119530049735
base,BTCUSDT,1,1770336299999,1770336300000,1770339900000,62247.7,64219.3,62253.92477,64212.878070000006,-0.01762285707921199,-4.881807065653665,3.623484579226094,-0.25578749384138544,0.3303617349562849,0.031673459420990646,0.03146714536051265,0.001,0,0.03046714536051265
base,DOGEUSDT,1,1771808999999,1771809000000,1771812600000,0.09224,0.09284,0.092249224,0.09283071600000001,-0.029377746941287534,-6.987925802401363,15.309758182835415,-0.2992468285078411,0.2758620689655191,0.0065047701647875655,0.006303489338837176,0.001,0,0.005303489338837176
base,XRPUSDT,-1,1771839299999,1771839300000,1771842900000,1.3896,1.3937,1.38946104,1.39383937,0.017202383918049107,4.427387172020965,6.870368766795241,0.27452444512836327,0.25000000000000544,-0.002950489349452967,-0.003151099508338806,0.001,0,-0.004151099508338806
base,LTCUSDT,1,1772259599999,1772259600000,1772263200000,53.7,52.46,53.70537,52.454754,-0.015157406641711405,-4.470670782691365,23.184790421406706,-0.25483379608665946,0.4388489208633088,-0.023091247672253346,-0.023286609886497445,0.001,0,-0.024286609886497446
base,BTCUSDT,1,1772260199999,1772260200000,1772263800000,64527.8,63472.1,64534.25278,63465.75279,-0.014382848500068011,-5.348362689362831,5.7566655470397805,-0.2541087765959553,0.29195662728597027,-0.016360390405375735,-0.016557098656469593,0.001,0,-0.017557098656469594
base,LTCUSDT,-1,1772286899999,1772286900000,1772290500000,52.8,52.32,52.79472,52.325232,0.016999740873078102,4.830359896896324,4.447629040303314,0.2691250193007493,0.2765957446808572,0.009090909090909038,0.008892707452563431,0.001,0,0.00789270745256343
base,ETHUSDT,-1,1772330099999,1772330100000,1772333700000,2005.12,2035.56,2004.919488,2035.7635559999999,0.01824921429479486,4.966565086902684,9.90636627115169,0.3102840054630869,0.5185810810810834,-0.015181136291094743,-0.01538419282400616,0.001,0,-0.01638419282400616
base,BNBUSDT,-1,1772464199999,1772464200000,1772467800000,642.52,652.22,642.455748,652.285222,0.014911724881863285,5.263241681767934,11.689497062603937,0.2585087647150486,0.3203252032520381,-0.015096806325094914,-0.01529984599032641,0.001,0,-0.01629984599032641
base,BTCUSDT,-1,1772614799999,1772614800000,1772618400000,70993.7,71487.1,70986.60063,71494.24871,0.016040645598565495,5.1225079012708505,5.808152421387313,0.3270998963967593,0.3682613352374223,-0.006949912457020924,-0.007151322580524644,0.001,0,-0.008151322580524645
base,DOGEUSDT,1,1772664299999,1772664300000,1772667900000,0.09988,0.0994,0.099889988,0.09939006,-0.021885311769351608,-4.937925325628128,10.147189212953963,-0.33221168950835345,0.5214723926380349,-0.004805766920304322,-0.00500478586502584,0.001,0,-0.00600478586502584
base,BTCUSDT,-1,1773110699999,1773110700000,1773114300000,70290.1,69814.5,70283.07099000001,69821.48144999999,0.01370996089579384,4.208187444700092,4.561634366887035,0.2726195380579235,0.27426438296004907,0.006766244464014193,0.006567577846245398,0.001,0,0.005567577846245398
base,BNBUSDT,-1,1773614699999,1773614700000,1773618300000,673.85,674.15,673.7826150000001,674.217415,0.010052584355717918,4.0830973726610535,8.868467184710779,0.35012876250568836,0.4289855072463764,-0.00044520293833927305,-0.0006453119898319759,0.001,0,-0.001645311989831976
base,LINKUSDT,-1,1773614699999,1773614700000,1773618300000,9.419,9.471,9.418058100000001,9.4719471,0.0160534269469845,4.201482658396082,6.886347965225394,0.2786412158084284,0.3970588235294029,-0.005520755918887232,-0.0057218801824971965,0.001,0,-0.0067218801824971966
base,XRPUSDT,-1,1773614699999,1773614700000,1773618300000,1.4512,1.4469,1.45105488,1.44704469,0.015624775354082516,4.824794621518428,19.1988087387692,0.2934650438164641,0.5,0.0029630650496140776,0.0027636377198910766,0.001,0,0.0017636377198910766
base,LINKUSDT,1,1774137299999,1774137300000,1774140900000,8.875,8.833,8.8758875,8.8321167,-0.020738841174598923,-5.998859446849016,39.49275690516733,-0.3192885630371911,0.2875816993463992,-0.004732394366197212,-0.004931427983962067,0.001,0.00004838,-0.005883047983962067
base,XRPUSDT,1,1774137299999,1774137300000,1774140900000,1.412,1.409,1.4121412,1.4088591000000001,-0.016504922198245984,-5.34061169920878,47.48963971413658,-0.2541801608941602,0.28378378378378255,-0.0021246458923511735,-0.002324201007661175,0.001,0.00009004,-0.0032341610076611752
base,BNBUSDT,1,1774607999999,1774608000000,1774611600000,611.27,610.97,611.3311269999999,610.908903,-0.012598822250139067,-5.432826567777735,30.26412302676794,-0.41183521799266354,0.2595785440613048,-0.0004907814877221917,-0.0006906633432390841,0.001,0,-0.001690663343239084
base,LINKUSDT,1,1774824599999,1774824600000,1774828200000,8.219,8.406,8.2198219,8.4051594,-0.024277120671647494,-6.978566390824565,19.75390807747348,-0.251272761302044,0.26666666666667366,0.022752159630125446,0.022547629651197276,0.001,0,0.021547629651197275
base,BNBUSDT,1,1774951199999,1774951200000,1774954800000,600.44,602.7,600.500044,602.6397300000001,-0.009596732224824081,-4.292344653723048,20.535584208912347,-0.30342653281334275,0.3092436974790005,0.003763906468589706,0.003563173760567029,0.001,0,0.002563173760567029
base,SOLUSDT,-1,1775315399999,1775315400000,1775319000000,81.16,80.91,81.151884,80.91809099999999,0.016901110640410603,4.773818457824408,36.498174720679486,0.27288212133092116,0.4899999999999949,0.0030803351404632417,0.002880931267104092,0.001,-0.00003973,0.001841201267104092
base,BNBUSDT,1,1775558399999,1775558400000,1775562000000,598.62,598.17,598.679862,598.110183,-0.008334282648037462,-4.302742461035516,12.74339591140783,-0.3081836572313281,0.25185185185185016,-0.0007517289766463264,-0.0009515586478837657,0.001,0,-0.0019515586478837657
base,BTCUSDT,-1,1775596499999,1775596500000,1775600100000,69949.9,70261.9,69942.90501,70268.92619,0.00954650903505199,4.3032249825473965,7.753919069361065,0.2665684304346101,0.7345080763583137,-0.004460335182752129,-0.004661247341004593,0.001,0,-0.005661247341004593
base,ETHUSDT,-1,1775596499999,1775596500000,1775600100000,2141.08,2158.36,2140.865892,2158.575836,0.012468292125301707,4.399981357097825,6.8161486320394955,0.2888441610356387,0.7370068879148274,-0.008070693294972786,-0.00827232759706198,0.001,0,-0.00927232759706198
base,SOLUSDT,-1,1775754299999,1775754300000,1775757900000,84.04,84.2,84.03159600000001,84.20842,0.012812244949902594,4.070408543762384,6.531747308678446,0.3690433014685377,0.33846153846154114,-0.0019038553069965491,-0.002104256118139247,0.001,0,-0.003104256118139247
base,SOLUSDT,-1,1775773199999,1775773200000,1775776800000,85.39,83.65,85.381461,83.658365,0.012611399395231558,4.017819536063683,10.031048082803942,0.3330870757304265,0.4263565891472936,0.02037709333645621,0.020181149160705902,0.001,0,0.0191811491607059
base,ETHUSDT,-1,1775933399999,1775933400000,1775937000000,2304.44,2315,2304.2095560000002,2315.2315,0.013495151300899563,4.690910104625046,6.00998100712643,0.25151054229153025,0.3222297756628297,-0.004582458211105589,-0.004783394796406215,0.001,0,-0.005783394796406215
base,BNBUSDT,1,1775957999999,1775958000000,1775961600000,601.07,597.29,601.1301070000001,597.230271,-0.009487847175812743,-4.996169581879639,18.432392769472195,-0.2882467835719217,0.4423076923077077,-0.006288785000083341,-0.006487507370846135,0.001,0,-0.007487507370846135
base,DOGEUSDT,1,1775957999999,1775958000000,1775961600000,0.09185,0.09132,0.091859185,0.091310868,-0.013089050517003372,-4.980361388300921,20.415597240799716,-0.27069992509665897,0.469565217391304,-0.0057702776265651234,-0.005969103688433508,0.001,0,-0.006969103688433508
base,LTCUSDT,1,1775957999999,1775958000000,1775961600000,54.42,54.05,54.425442000000004,54.044595,-0.007869013063348532,-4.062121763543794,13.660213389755393,-0.25693423739202836,0.523809523809519,-0.006798970966556461,-0.006997591310328732,0.001,0,-0.007997591310328733
base,SOLUSDT,1,1775957999999,1775958000000,1775961600000,83.58,82.57,83.588358,82.56174299999999,-0.013429401423690144,-4.38034024662887,17.280372184165614,-0.32000151409337985,0.4318181818181789,-0.012084230677195551,-0.012281794074720409,0.001,0,-0.01328179407472041
base,BNBUSDT,-1,1776118799999,1776118800000,1776122400000,614.72,616.5,614.658528,616.56165,0.009135169954418054,4.839428975114457,10.02024387539888,0.2613280640147384,0.25,-0.0028956272774596226,-0.0030962264628335845,0.001,0,-0.0040962264628335845
base,SOLUSDT,-1,1776119099999,1776119100000,1776122700000,85.66,86.26,85.651434,86.268626,0.017307784727671634,5.7443723390433385,4.46522312200381,0.2966750017953885,0.4693877551020402,-0.007004436142890702,-0.007205857172221997,0.001,0,-0.008205857172221998
base,DOGEUSDT,1,1776349499999,1776349500000,1776353100000,0.09465,0.09626,0.094659465,0.096250374,-0.013225762219261137,-5.107587035351511,5.71128429159396,-0.34565429556907445,0.42105263157895023,0.017010036978341248,0.016806655309112628,0.001,0,0.015806655309112627
base,LTCUSDT,-1,1776354599999,1776354600000,1776358200000,55.77,55.42,55.764423,55.425542,0.00774150954224997,4.133773686075211,4.205894840915881,0.29300925676128053,0.8,0.0062757755065447896,0.006077010785173975,0.001,0.0001,0.0051770107851739754
base,BTCUSDT,-1,1776824399999,1776824400000,1776828000000,76981.6,77383.8,76973.90184,77391.53838,0.00941787782956688,4.39263071035593,7.78294334778971,0.2976690603384904,0.35320788936747094,-0.005224625105219927,-0.005425690136743988,0.001,0,-0.006425690136743988
base,BNBUSDT,-1,1776865499999,1776865500000,1776869100000,651.07,649.14,651.004893,649.204914,0.009242680577890456,5.141967760232115,32.18084945619385,0.41201822155529944,0.4057507987220395,0.002964350991444986,0.002764923918935902,0.001,0,0.001764923918935902
base,ETHUSDT,-1,1777846499999,1777846500000,1777850100000,2346.99,2337.79,2346.7553009999997,2338.023779,0.010175197313288895,4.606015573340162,15.71819186778241,0.4912768456459524,0.29140786749483405,0.003919914443606398,0.0037206785029009204,0.001,0,0.0027206785029009204
base,SOLUSDT,-1,1777860299999,1777860300000,1777863900000,84.93,85.29,84.921507,85.298529,0.008513708750017336,4.156883029187221,19.50298880291235,0.2831872521728336,0.6666666666666587,-0.004238784881667179,-0.004439652725428012,0.001,0,-0.005439652725428012
base,DOGEUSDT,-1,1778018099999,1778018100000,1778021700000,0.11545,0.11547,0.115438455,0.115481547,0.013693467643101757,4.438051137536889,7.33922328585582,0.4130152112519079,0.28025477707006075,-0.00017323516673894979,-0.0003732898192374545,0.001,0,-0.0013732898192374545
base,ETHUSDT,1,1778164799999,1778164800000,1778168400000,2291.74,2293.81,2291.969174,2293.580619,-0.008524704468388595,-4.033505902773264,7.826731176916297,-0.3173218252251385,0.38712306438467864,0.000903243823470401,0.0007030831907690605,0.001,0,-0.00029691680923093957
base,LINKUSDT,1,1778164799999,1778164800000,1778168400000,9.828,9.873,9.828982799999999,9.872012699999999,-0.010929070532190317,-4.703232703874394,13.162914602232794,-0.35434485227732304,0.4303797468354356,0.0045787545787545625,0.004377858917405053,0.001,0,0.003377858917405053
base,DOGEUSDT,1,1778167799999,1778167800000,1778171400000,0.10761,0.10821,0.107620761,0.108199179,-0.01567574745480874,-4.9245191891501,28.5627887091279,-0.3322338806459558,0.551020408163267,0.005575689991636601,0.005374594963141188,0.001,-0.00001665,0.004357944963141188
base,SOLUSDT,-1,1778433899999,1778433900000,1778437500000,95.75,96.64,95.740425,96.649664,0.008811553918354581,4.046698504179061,9.791470471751998,0.36247804072668743,0.26530612244897306,-0.009295039164490815,-0.009496918360243356,0.001,0,-0.010496918360243357
base,DOGEUSDT,1,1778445899999,1778445900000,1778449500000,0.10882,0.10849,0.108830882,0.10847915100000001,-0.012964666207569213,-4.024520926558862,5.089434368272,-0.4041502683574816,0.28409090909090745,-0.0030325307847821614,-0.0032319043412695203,0.001,0,-0.00423190434126952
base,BNBUSDT,-1,1778452199999,1778452200000,1778455800000,665.47,665.22,665.403453,665.286522,0.01463769352048076,9.16467659376286,13.771329431913243,0.30279179184151084,0.3407258064516063,0.0003756743354320635,0.0001757294758132355,0.001,0,-0.0008242705241867645
base,BNBUSDT,-1,1778540099999,1778540100000,1778543700000,670.25,670.62,670.182975,670.687062,0.008691146338551819,5.341858188065938,25.076773849989223,0.40469682858998857,0.25547445255474366,-0.0005520328235733007,-0.0007521632431799485,0.001,0,-0.0017521632431799486
base,BNBUSDT,-1,1778634899999,1778634900000,1778638500000,674.88,679.24,674.812512,679.307924,0.010336702105017904,6.076523076427967,18.24181348264647,0.30823224911887004,0.33956834532374075,-0.0064604077761971634,-0.006661719988973802,0.001,0,-0.007661719988973802
base,LINKUSDT,1,1778675699999,1778675700000,1778679300000,10.357,10.303,10.358035699999999,10.3019697,-0.011710634886062863,-4.323708027187967,8.728422590600026,-0.29428147003493765,0.4751773049645402,-0.005213865018827701,-0.005412802352090518,0.001,0,-0.006412802352090518
base,LINKUSDT,1,1778680199999,1778680200000,1778683800000,10.186,10.187,10.1870186,10.1859813,-0.011420886500518174,-4.179790920184765,11.963167156322966,-0.35393170370802896,0.35766423357664207,0.00009817396426470282,-0.0001018256705647147,0.001,0,-0.0011018256705647147
base,XRPUSDT,1,1778779799999,1778779800000,1778783400000,1.4735,1.5338,1.47364735,1.53364662,-0.011739441256603873,-5.594263935567729,5.185668794243099,-0.26775199911406233,0.43076923076924023,0.04092297251442156,0.040714808736296515,0.001,0,0.039714808736296514
base,ETHUSDT,1,1778915699999,1778915700000,1778919300000,2190.68,2193.11,2190.8990679999997,2192.8906890000003,-0.010764972619406022,-5.405365685465259,23.13051290627657,-0.2758564859569751,0.35967302452315736,0.0011092446181095728,0.0009090427893689856,0.001,-0.00004496,-0.0001359172106310144
base,BNBUSDT,1,1778923199999,1778923200000,1778926800000,653.68,652.98,653.745368,652.914702,-0.012708235176461604,-6.662098649723453,10.805369868931791,-0.2743081613133732,0.2697495183044244,-0.0010708603598089672,-0.0012706262111519262,0.001,0,-0.0022706262111519262
base,ETHUSDT,1,1778923199999,1778923200000,1778926800000,2168.02,2169.02,2168.236802,2168.803098,-0.011000110918679702,-5.473216172601864,15.921906453230202,-0.26434496481233194,0.29450980392157716,0.000461250357469023,0.0002611781146217851,0.001,0,-0.0007388218853782149
base,LINKUSDT,1,1778923199999,1778923200000,1778926800000,9.685,9.651,9.6859685,9.6500349,-0.012417420572497536,-4.264948989923748,13.027083397525214,-0.30907601019591335,0.3282442748091541,-0.0035105833763552363,-0.0037098613318843343,0.001,0,-0.004709861331884334
base,BNBUSDT,1,1779061499999,1779061500000,1779065100000,645.34,645.42,645.404534,645.355458,-0.009730448332152251,-4.979061415751628,41.96018558868752,-0.32232480136074104,0.4630755864465721,0.00012396566151173793,-0.00007603913114129224,0.001,0,-0.0010760391311412923
base,BTCUSDT,1,1779061499999,1779061500000,1779065100000,77216,76982.3,77223.7216,76974.60177000001,-0.0074807557086696026,-4.491384958116596,66.61620544206001,-0.3136108255320046,0.5299161768956576,-0.0030265748031496065,-0.003225949550714202,0.001,0.00001131,-0.004214639550714203
base,DOGEUSDT,1,1779061499999,1779061500000,1779065100000,0.10743,0.1067,0.10744074299999999,0.10668933,-0.01615991581486492,-5.108825664638708,52.33892678296676,-0.286633211783364,0.5849514563106787,-0.006795122405287124,-0.0069937435186947505,0.001,0.0000478,-0.00794594351869475
base,XRPUSDT,1,1779061499999,1779061500000,1779065100000,1.3889,1.3906,1.38903889,1.39046094,-0.011525235845672816,-4.889231671796475,58.67190044546404,-0.29984032827159646,0.6509009009008992,0.001223990208078396,0.0010237654325144785,0.001,0.00006795,0.00009171543251447847
base,DOGEUSDT,-1,1779104699999,1779104700000,1779108300000,0.10557,0.1062,0.105559443,0.10621062,0.014504071054672552,4.673639807835663,11.80450690489564,0.36915179005089227,0.48514851485148397,-0.0059676044330776445,-0.0061688180753285415,0.001,0,-0.0071688180753285416
base,DOGEUSDT,1,1779111599999,1779111600000,1779115200000,0.10482,0.10462,0.10483048199999999,0.104609538,-0.013457367609836167,-4.310673257291663,6.305938173449684,-0.30031072470688436,0.5859872611464987,-0.001908032818164429,-0.0021076312517573914,0.001,0,-0.0031076312517573914
base,BTCUSDT,1,1779200399999,1779200400000,1779204000000,76443.4,76522.5,76451.04434,76514.84775,-0.006826160849040503,-4.386963240737975,5.294412481615389,-0.30768566317825996,0.3790350572717629,0.0010347525097000876,0.0008345655778914107,0.001,0,-0.0001654344221085893
base,BNBUSDT,1,1779475799999,1779475800000,1779479400000,652.14,651.18,652.205214,651.114882,-0.007835630165087225,-4.233253256601263,18.21505234768637,-0.28021482478278337,0.513719512195118,-0.0014720765479805387,-0.0016717621641092473,0.001,0,-0.0026717621641092473
base,BTCUSDT,1,1779478499999,1779478500000,1779482100000,75824.8,75909.3,75832.38248,75901.70907,-0.0065672701838896475,-4.279033303691372,22.666810696176185,-0.26247647297440835,0.27935429056923394,0.0011144111161520698,0.0009142082542148433,0.001,0,-0.00008579174578515671
base,LTCUSDT,1,1779493799999,1779493800000,1779497400000,52.46,52.57,52.465246,52.564743,-0.013819434315498588,-6.258497532946765,33.25960579047433,-0.3549589397503997,0.26732673267326906,0.0020968356843309444,0.001896436357126774,0.001,-0.00003622,0.0008602163571267739
base,SOLUSDT,1,1779522599999,1779522600000,1779526200000,82.4,82,82.40824,81.9918,-0.018633706177140046,-7.288940967071633,36.90820551317604,-0.2566028818073327,0.35426008968609674,-0.004854368932038944,-0.00505337815732998,0.001,0.0001267,-0.00592667815732998
base,LTCUSDT,1,1779658799999,1779658800000,1779662400000,52.12,52.52,52.125212,52.514748000000004,-0.008977235344608559,-4.036351079874912,9.038616974870413,-0.33490087496749754,0.25,0.007674597083653145,0.007473082315713198,0.001,0,0.006473082315713198
base,BNBUSDT,1,1779918299999,1779918300000,1779921900000,649.39,649.81,649.454939,649.745019,-0.007807566484949395,-4.4074516143457565,11.968997995207296,-0.4195319281746175,0.4061930783242285,0.0006467608062949992,0.00044665146506805975,0.001,0,-0.0005533485349319403
base,ETHUSDT,1,1779918299999,1779918300000,1779921900000,2031.72,2028.86,2031.923172,2028.6571139999999,-0.01155369405157904,-5.150361656729666,14.569630965012129,-0.2665264682909655,0.3344840813195233,-0.0014076742858268876,-0.0016073727811202199,0.001,0,-0.00260737278112022
base,LTCUSDT,1,1779918299999,1779918300000,1779921900000,51.86,52,51.865186,51.9948,-0.009977058969047626,-4.675347674449464,9.597685570667755,-0.4184883898402523,0.2702702702702708,0.002699575780948704,0.0024990559177786587,0.001,0,0.0014990559177786586
base,DOGEUSDT,1,1779918599999,1779918600000,1779922200000,0.1001,0.10054,0.10011001,0.10052994600000001,-0.013299124156976986,-4.483357967623109,13.190763597363159,-0.36260068856655814,0.6095890410958905,0.004395604395604602,0.004194745360628804,0.001,0,0.0031947453606288043
base,BTCUSDT,1,1779938399999,1779938400000,1779942000000,73692.9,72955.8,73700.26929,72948.50442,-0.007939317193251813,-4.825069252745986,17.535394797187074,-0.43044504304638076,0.33118140735958684,-0.010002320440639312,-0.010200300178577537,0.001,0,-0.011200300178577538
base,LTCUSDT,1,1779938399999,1779938400000,1779942000000,51.27,50.64,51.275127000000005,50.634936,-0.009705045118200799,-4.5152220850865366,23.81191187132175,-0.38187088103388933,0.3466666666666735,-0.012287887653598673,-0.012485410323800905,0.001,0,-0.013485410323800906
base,SOLUSDT,1,1779938399999,1779938400000,1779942000000,81.02,80.26,81.02810199999999,80.251974,-0.0126312305414062,-4.8580493499215915,16.91831190627745,-0.2869210162270769,0.31617647058824044,-0.009380399901258829,-0.009578504010867572,0.001,0,-0.010578504010867573
base,SOLUSDT,-1,1780068899999,1780068900000,1780072500000,83.06,82.91,83.051694,82.918291,0.011623814130282626,4.489950294705383,8.242205315525561,0.2796303024577891,0.25000000000001665,0.0018059234288466675,0.001606264647654232,0.001,0.00006335,0.0006696146476542319
base,BTCUSDT,1,1780080899999,1780080900000,1780084500000,73300,73558.2,73307.33,73550.84418,-0.0067872825466655014,-4.129726858416501,8.626668832926036,-0.33129596535546946,0.4822779769016298,0.0035225102319236257,0.0033218257983205213,0.001,0,0.0023218257983205213
base,BNBUSDT,1,1780244699999,1780244700000,1780248300000,713.91,713.54,713.9813909999999,713.4686459999999,-0.009549173762053081,-4.459289746421082,5.553578423687761,-0.3383097557671412,0.3716283716283633,-0.0005182726113935887,-0.0007181489692354992,0.001,0,-0.0017181489692354992
base,BNBUSDT,1,1780322099999,1780322100000,1780325700000,681.94,678.45,682.008194,678.382155,-0.010792783244753839,-4.322813200985599,3.991999877529646,-0.364670621688612,0.3002915451895124,-0.005117752294923283,-0.005316708848808971,0.001,0,-0.006316708848808971
base,BTCUSDT,1,1780366199999,1780366200000,1780369800000,70226.6,70986.3,70233.62266000001,70979.20137000001,-0.008171356535780208,-4.906703055438572,7.7299150889385455,-0.3332835087581846,0.3653771760154626,0.01081783825502014,0.010615694901704442,0.001,0,0.009615694901704441
base,DOGEUSDT,1,1780414199999,1780414200000,1780417800000,0.09503,0.09599,0.095039503,0.095980401,-0.010779236807312347,-4.0331194238253785,8.433380569585568,-0.33973315751281863,0.2822580645161304,0.010102073029569558,0.009900072814985172,0.001,0.00001355,0.008913622814985171
base,BTCUSDT,1,1780428899999,1780428900000,1780432500000,66559.7,67159.4,66566.35596999999,67152.68406,-0.00891450132852151,-5.091990177981972,9.356001800504727,-0.29218158042138553,0.28224084113685516,0.009009956475164449,0.00880817466205075,0.001,0,0.0078081746620507495
base,DOGEUSDT,1,1780428899999,1780428900000,1780432500000,0.09298,0.0936,0.092989298,0.09359064,-0.011335807409430113,-4.16130102267393,9.375284864471388,-0.2560819368312016,0.399999999999994,0.006668100666810117,0.006466787178025735,0.001,0,0.005466787178025735
base,BNBUSDT,1,1780440899999,1780440900000,1780444500000,647.18,651.58,647.2447179999999,651.514842,-0.011751377560933661,-4.364581173423067,7.957592390486776,-0.3427335168241896,0.5551601423487518,0.006798726783893372,0.006597387172497804,0.001,0,0.005597387172497804
base,DOGEUSDT,1,1780440899999,1780440900000,1780444500000,0.09229,0.09262,0.092299229,0.092610738,-0.01430824259443909,-5.164468347579793,4.891369935695751,-0.25890672942044346,0.4094488188976342,0.0035756853396899935,0.0033749902721289526,0.001,0,0.0023749902721289526
base,ETHUSDT,1,1780440899999,1780440900000,1780444500000,1872.22,1858.28,1872.407222,1858.094172,-0.00951018647384186,-4.04860179571174,4.629862308736001,-0.37074743943397226,0.39963420210334033,-0.007445706167010346,-0.00764419717667586,0.001,0,-0.00864419717667586
base,ETHUSDT,-1,1780523099999,1780523100000,1780526700000,1828.87,1830.11,1828.687113,1830.293011,0.015356223597506718,6.01489637992844,4.239505630191648,0.34536791511851117,0.37318712415989347,-0.0006780142929787569,-0.000878169911399107,0.001,0,-0.001878169911399107
base,LTCUSDT,1,1780535999999,1780536000000,1780539600000,46.28,44.93,46.284628,44.925507,-0.012243735810608402,-5.027531202205367,4.8769181658324605,-0.2920578357625735,0.2820512820512984,-0.029170267934312877,-0.02936441446607274,0.001,0,-0.030364414466072742
base,BNBUSDT,1,1780638299999,1780638300000,1780641900000,589.91,582.65,589.968991,582.591735,-0.014188932533691015,-4.435288508226633,6.452124407574425,-0.3179863102018534,0.2997811816192537,-0.012306962078961203,-0.012504480934659834,0.001,0,-0.013504480934659835
base,DOGEUSDT,1,1780638599999,1780638600000,1780642200000,0.0853,0.08366,0.08530853,0.083651634,-0.013969959440200084,-4.128759848436561,4.652779714570174,-0.300168190547931,0.7424242424242558,-0.019226260257913297,-0.019422395392348135,0.001,0,-0.020422395392348136
base,LINKUSDT,1,1780638599999,1780638600000,1780642200000,7.69,7.486,7.690769,7.4852514,-0.017402952908664285,-4.640911627330713,3.4612921273763475,-0.3038353126945941,0.3968253968254042,-0.026527958387516315,-0.02672263332834468,0.001,0,-0.02772263332834468
base,ETHUSDT,-1,1781199299999,1781199300000,1781202900000,1671.38,1681.26,1671.212862,1681.428126,0.022832719107906428,5.732244299787862,18.727972892177466,0.2510100062711529,0.3890198720107758,-0.005911282891981395,-0.006112485268797485,0.001,0,-0.007112485268797485
base,LINKUSDT,1,1781839199999,1781839200000,1781842800000,7.853,7.88,7.853785299999999,7.879212,-0.017922983874917094,-4.216339662000857,20.54496223207098,-0.36027124290473933,0.26865671641791333,0.0034381764930599967,0.00323750892451824,0.001,0,0.0022375089245182398
base,BTCUSDT,-1,1782091799999,1782091800000,1782095400000,64618.4,64510.1,64611.938160000005,64516.551009999996,0.011732416878523246,5.516573838397632,15.050690076614291,0.26339946158731786,0.3623157444990367,0.001675993215554783,0.0014763084457209974,0.001,0,0.0004763084457209974
base,BTCUSDT,1,1782203099999,1782203100000,1782206700000,62209,62456.3,62215.2209,62450.054370000005,-0.00946972077000178,-4.562463260814206,6.513051787871922,-0.272053350000121,0.2730460921843707,0.003975309038884989,0.00377453405457584,0.001,0,0.00277453405457584
base,BTCUSDT,-1,1782301799999,1782301800000,1782305400000,63070.5,62727.7,63064.192950000004,62733.97276999999,0.010170378686273528,4.9988084240612976,9.629941741510171,0.29007891055960133,0.26673058485138745,0.005435187607518599,0.00523625475175471,0.001,0,0.00423625475175471
base,ETHUSDT,-1,1782301799999,1782301800000,1782305400000,1684.89,1673.25,1684.7215110000002,1673.417325,0.01441901573012135,5.149940547796413,15.068842095190327,0.2715549697726509,0.29288358700123024,0.006908462867012188,0.006709824695768529,0.001,0,0.005709824695768529
base,BNBUSDT,1,1782307499999,1782307500000,1782311100000,569.99,570.75,570.046999,570.6929250000001,-0.008803396534331202,-4.3903423986584595,18.443683631018693,-0.38081488412458486,0.2895622895622915,0.001333356725556678,0.0011331100788762871,0.001,0,0.0001331100788762871
base,LTCUSDT,1,1782307499999,1782307500000,1782311100000,41.51,41.64,41.514151,41.635836,-0.01077983848786617,-4.232608477797219,7.556566103475545,-0.25779485811459546,0.38000000000000966,0.0031317754757891336,0.00293116918132319,0.001,0,0.00193116918132319
base,BNBUSDT,1,1782320099999,1782320100000,1782323700000,554.78,549.38,554.835478,549.325062,-0.011576775291569173,-5.785406068342954,23.990806245523054,-0.32360271861858236,0.4155672823218945,-0.009733588088972178,-0.009931621568006421,0.001,0,-0.010931621568006422
base,LTCUSDT,1,1782320099999,1782320100000,1782323700000,40.24,39.45,40.244024,39.446055,-0.013817145553141955,-5.412873069580872,22.71908099502005,-0.2875273327207334,0.30303030303030565,-0.019632206759443327,-0.019828260712696166,0.001,0,-0.020828260712696167
base,BNBUSDT,-1,1782396899999,1782396900000,1782400500000,554.18,549.92,554.1245819999999,549.9749919999999,0.021927982841340125,9.955929742636224,8.951008270283442,0.40279892697528363,0.6673151750972683,0.007687033093940587,0.00748855065231524,0.001,0,0.00648855065231524
base,LTCUSDT,1,1782477899999,1782477900000,1782481500000,40.44,40.78,40.444044,40.775922,-0.01277658657898179,-4.39135093546276,3.7955869188023317,-0.28979766143489993,0.37931034482758536,0.008407517309594548,0.008205855972266418,0.001,0,0.007205855972266418
base,SOLUSDT,-1,1782735299999,1782735300000,1782738900000,73.93,74.12,73.92260700000001,74.127412,0.019667391647856646,4.932602372803907,7.943129199476893,0.3695575559252713,0.2727272727272701,-0.002569998647369065,-0.0027705327005038693,0.001,0,-0.0037705327005038694
base,SOLUSDT,-1,1782753299999,1782753300000,1782756900000,75.26,75.61,75.252474,75.617561,0.016885954691525498,4.169085735777591,7.270757167986948,0.2733676864042385,0.26041666666666835,-0.00465054477810245,-0.004851494982078375,0.001,0,-0.005851494982078375
base,DOGEUSDT,1,1782821399999,1782821400000,1782825000000,0.07094,0.0703,0.070947094,0.07029297,-0.013582789513005624,-4.239391989980352,8.928353566404446,-0.2567438948268198,0.5555555555555658,-0.009021708486044555,-0.00921988432676335,0.001,0,-0.010219884326763351
stress,BTCUSDT,1,1705097099999,1705097100000,1705100700000,42529.9,42672.5,42559.67093,42642.62925,-0.019378429711600004,-5.310275983611828,10.750384559367081,-0.33851305113648666,0.46628834700528154,0.00335293522909752,0.0019492237178346805,0.001,0,0.0009492237178346805
stress,BNBUSDT,-1,1707325799999,1707325800000,1707329400000,306.82,306.59,306.60522599999996,306.80461299999996,0.008214068927933634,4.6900020484207845,35.64378974505889,0.27588621523820533,0.42666666666668285,0.0007496251874063997,-0.0006503052886646099,0.001,0,-0.00165030528866461
stress,BNBUSDT,-1,1707835199999,1707835200000,1707838800000,321.87,323.02,321.64469099999997,323.246114,0.007578510908758894,4.3744301300033595,9.75487108230478,0.33918187906681285,0.2988047808764951,-0.0035728710348899018,-0.004978857244685608,0.001,0,-0.005978857244685608
stress,DOGEUSDT,-1,1707941399999,1707941400000,1707945000000,0.0867,0.08636,0.08663931,0.086420452,0.009734692704675654,4.682790429137192,3.1767510739024294,0.3569981436227203,0.3636363636363789,0.0039215686274508554,0.002526081982878292,0.001,0,0.001526081982878292
stress,BNBUSDT,-1,1707957599999,1707957600000,1707961200000,336.94,334.88,336.704142,335.11441599999995,0.007866079532005044,4.653868671129555,12.225501578952782,0.2624077976103458,0.35836177474403036,0.006113848162877633,0.004721432859593477,0.001,0,0.0037214328595934773
stress,DOGEUSDT,1,1708361999999,1708362000000,1708365600000,0.08722,0.08863,0.087281054,0.088567959,-0.014003758191173802,-5.755587104167646,5.981529811443749,-0.315780794818562,0.34615384615385025,0.016166016968585106,0.014744379690923681,0.001,0,0.01374437969092368
stress,DOGEUSDT,1,1708442999999,1708443000000,1708446600000,0.08387,0.0849,0.08392870899999999,0.08484057,-0.019949903217884733,-7.320210245528106,7.994716901073154,-0.2529172487045941,0.5582655826558264,0.012280910933587741,0.010864708999634543,0.001,-0.00012405,0.009740658999634541
stress,LINKUSDT,1,1708442999999,1708443000000,1708446600000,18.709,18.999,18.722096299999997,18.9857007,-0.02460525396948678,-6.889961805097964,12.86641781833156,-0.3307982053196582,0.4825708061002198,0.01550056122721677,0.014079854935902691,0.001,-0.00018125,0.01289860493590269
stress,SOLUSDT,1,1708442999999,1708443000000,1708446600000,104.947,107.375,105.0204629,107.2998375,-0.020005854803722207,-5.510985484540082,12.05714725028736,-0.3178401690112346,0.5130625686059275,0.0231354874365155,0.021704099725502024,0.001,-0.00031742,0.020386679725502024
stress,LINKUSDT,1,1709141699999,1709141700000,1709145300000,18.849,18.879,18.8621943,18.8657847,-0.06713792490426669,-18.427872543809304,17.160374453222442,-0.2679885007588555,0.5078420767982693,0.0015915963711603531,0.00019034900939396415,0.001,0,-0.0008096509906060359
stress,BNBUSDT,1,1709246399999,1709246400000,1709250000000,393,400.82,393.27509999999995,400.539426,-0.0140487946210288,-4.420522429513126,4.574789468917739,-0.2535980264657418,0.34251290877797047,0.01989821882951648,0.018471360124248992,0.001,0,0.01747136012424899
stress,BNBUSDT,1,1709655299999,1709655300000,1709658900000,408.74,403.97,409.026118,403.687221,-0.018230807949715346,-5.878074535832329,12.755912482960376,-0.26177406201367803,0.5021645021645033,-0.011670010275480647,-0.01305270437522521,0.001,0,-0.014052704375225211
stress,LINKUSDT,1,1709668799999,1709668800000,1709672400000,17.748,17.97,17.7604236,17.957420999999997,-0.07676484893393039,-16.15413622641922,19.536279145235937,-0.28101206701612547,0.6474953617810757,0.012508451656524588,0.01109193138839304,0.001,0,0.010091931388393038
stress,BNBUSDT,1,1711950599999,1711950600000,1711954200000,579.64,585.25,580.0457479999999,584.840325,-0.01852632755907339,-4.335838412264074,29.19843968665189,-0.2922356234970743,0.27623318385650647,0.009678421088951783,0.008265860092125266,0.001,0,0.007265860092125266
stress,BTCUSDT,1,1712025599999,1712025600000,1712029200000,66447.1,66887.5,66493.61297,66840.67874999999,-0.03780152961163211,-11.709715484464967,27.75368150772628,-0.2512966888178766,0.31862745098039214,0.006627828754001142,0.005219535598954161,0.001,0,0.004219535598954161
stress,ETHUSDT,1,1712261999999,1712262000000,1712265600000,3291.36,3329.36,3293.663952,3327.0294480000002,-0.015552750590595663,-4.7680560706235005,7.6571099791629536,-0.2587977380497446,0.49569583931133,0.011545379417626789,0.010130206507479311,0.001,0,0.00913020650747931
stress,BTCUSDT,1,1712294399999,1712294400000,1712298000000,66870,66809,66916.809,66762.2337,-0.012995811160308656,-4.621849321993672,7.703922504615118,-0.2842021858661743,0.27849254241146587,-0.0009122177359054406,-0.0023099622099433947,0.001,0,-0.0033099622099433948
stress,ETHUSDT,1,1712942999999,1712943000000,1712946600000,3317.94,3306.35,3320.262558,3304.035555,-0.030104042257181666,-9.545964402490638,27.98671804731827,-0.2703769722875712,0.5035417518049295,-0.003493131280252193,-0.004887265002853969,0.001,0,-0.005887265002853969
stress,LTCUSDT,1,1712942999999,1712943000000,1712946600000,88.65,88.57,88.71205499999999,88.508001,-0.061532655323620206,-12.141659456306245,28.81021458597548,-0.3098646625830622,0.45443925233644855,-0.000902425267907625,-0.0023001834418107103,0.001,0,-0.0033001834418107103
stress,SOLUSDT,1,1712942999999,1712943000000,1712946600000,162.017,160.423,162.13041189999998,160.3107039,-0.024216886758801584,-5.713013475570818,19.174010453594196,-0.2783042270211654,0.5402736878572669,-0.009838473740409914,-0.011223730197653214,0.001,0,-0.012223730197653215
stress,SOLUSDT,1,1712946899999,1712946900000,1712950500000,150.722,152.884,150.8275054,152.7769812,-0.07278215804984452,-17.001744433590396,30.09000429984596,-0.30192303110385543,0.3315563555801711,0.014344289486604378,0.012925200843373341,0.001,0,0.01192520084337334
stress,XRPUSDT,1,1712946899999,1712946900000,1712950500000,0.5401,0.5333,0.54047807,0.5329266899999999,-0.05597502437190166,-15.366415958200996,30.742810131873423,-0.30330264284990205,0.4442344045368618,-0.012590261062766173,-0.013971667712623592,0.001,0,-0.014971667712623593
stress,DOGEUSDT,1,1713038999999,1713039000000,1713042600000,0.13444,0.13943,0.13453410799999999,0.139332399,-0.11833657855150191,-17.47592309973913,16.29668442283415,-0.25395111861557196,0.37834902244750124,0.03711692948527223,0.03566598144761923,0.001,0,0.03466598144761923
stress,ETHUSDT,1,1713038999999,1713039000000,1713042600000,2866.38,2925.22,2868.386466,2923.172346,-0.07020621073897326,-19.684458451241383,25.23739983095609,-0.3051027148576313,0.2624136211441196,0.020527634158764574,0.019099894888431557,0.001,0,0.018099894888431556
stress,BTCUSDT,1,1714547399999,1714547400000,1714551000000,58433.1,57146,58474.003169999996,57105.9978,-0.02085130897030331,-7.151114152302582,14.308640381887214,-0.26925012063989195,0.4906773098230765,-0.022026899137646327,-0.023395103735635026,0.001,-0.00008946,-0.024484563735635026
stress,XRPUSDT,1,1715052599999,1715052600000,1715056200000,0.5351,0.5388,0.53547457,0.53842284,-0.015026718144793014,-4.806129593979267,3.7678472786542825,-0.2898303474459486,0.337662337662342,0.0069145954027283185,0.0055059010552078735,0.001,0,0.0045059010552078735
stress,ETHUSDT,1,1715199599999,1715199600000,1715203200000,2946.87,2955,2948.9328089999995,2952.9314999999997,-0.017045026084106296,-5.54706229428975,14.299650787388986,-0.3165268984096836,0.2829497907949788,0.0027588593999736677,0.001355979013084374,0.001,0,0.00035597901308437405
stress,DOGEUSDT,1,1715667599999,1715667600000,1715671200000,0.14691,0.15067,0.147012837,0.150564531,-0.022214160627627367,-4.213048917850945,5.6115576334829305,-0.3058750221471177,0.3382899628252872,0.025593901027840094,0.02415907394535899,0.001,0,0.023159073945358988
stress,BTCUSDT,-1,1716247499999,1716247500000,1716251100000,70868.1,71527.8,70818.49233000001,71577.86946,0.01601768402834545,7.123521984644749,7.751301319882533,0.2718024047800547,0.44342946626646684,-0.00930884276564492,-0.010722864961053569,0.001,0.0001,-0.01162286496105357
stress,LTCUSDT,1,1716395999999,1716396000000,1716399600000,86.34,86.75,86.400438,86.689275,-0.012086478068802269,-5.032637942551225,11.471805713590925,-0.32201878205826173,0.26530612244897306,0.004748668056520744,0.0033430038861608224,0.001,0,0.0023430038861608224
stress,XRPUSDT,1,1716399899999,1716399900000,1716403500000,0.5311,0.5283,0.53147177,0.52793019,-0.009556898373505441,-4.230022445126046,6.282007783477034,-0.33469094295610813,0.35294117647059337,-0.005272076821690841,-0.006663721762681818,0.001,0,-0.007663721762681818
stress,BNBUSDT,1,1716839999999,1716840000000,1716843600000,602.5,605.52,602.92175,605.096136,-0.009712181787985576,-4.198232997340747,4.490218271581981,-0.2896424070169621,0.3406113537117839,0.005012448132780012,0.003606414928637225,0.001,0,0.002606414928637225
stress,BNBUSDT,-1,1717510199999,1717510200000,1717513800000,657.19,660.36,656.729967,660.8222519999999,0.01241605368245368,5.629584993989224,11.837598267045728,0.29332715688176103,0.29697624190064825,-0.00482356700497566,-0.006231305415670185,0.001,0,-0.007231305415670185
stress,BNBUSDT,-1,1717521299999,1717521300000,1717524900000,672.74,671.12,672.269082,671.589784,0.010760344732529225,4.787932805693358,5.010664364755028,0.2516024623859505,0.37767584097859297,0.002408062550168011,0.0010104555128120918,0.001,0,0.000010455512812091762
stress,BNBUSDT,-1,1717540799999,1717540800000,1717544400000,686.94,682.34,686.459142,682.817638,0.009345520702328417,4.1072034773244095,3.4057237186587415,0.2910850196638153,0.4869565217391225,0.006696363583427956,0.005304764372997539,0.001,0,0.004304764372997539
stress,BNBUSDT,-1,1717550999999,1717551000000,1717554600000,712.99,698.29,712.490907,698.7788029999999,0.02620361360177397,11.370204532422262,13.052695131743121,0.29745826582637047,0.2856461611826419,0.020617399963533956,0.019245303856207818,0.001,0,0.018245303856207817
stress,ETHUSDT,1,1718072399999,1718072400000,1718076000000,3593.19,3606.47,3595.7052329999997,3603.9454709999995,-0.009624606744228147,-4.359760789220343,20.559089377477676,-0.27919797380512834,0.5966205284918208,0.0036958802623852094,0.002291688963926841,0.001,0,0.0012916889639268412
stress,ETHUSDT,1,1718079299999,1718079300000,1718082900000,3564.97,3560.32,3567.4654789999995,3557.827776,-0.008875021251418761,-4.016819033035947,11.176865867883242,-0.3453914069121311,0.6135718961378995,-0.001304358802458272,-0.002701554663032346,0.001,0,-0.003701554663032346
stress,SOLUSDT,1,1718080499999,1718080500000,1718084100000,153.394,153.863,153.5013758,153.7552959,-0.015326342305476007,-4.549845683817954,10.688745244552779,-0.25600368550721764,0.4394841269841347,0.00305748595121047,0.0016541877795990256,0.001,0,0.0006541877795990256
stress,BTCUSDT,1,1718381399999,1718381400000,1718385000000,65762.6,65302.2,65808.63382,65256.48845999999,-0.010264537691566477,-5.130670972968158,25.68207583699769,-0.34573637780937005,0.32630544024470065,-0.00700093974386673,-0.00839016596986708,0.001,0,-0.009390165969867081
stress,DOGEUSDT,1,1718381399999,1718381400000,1718385000000,0.13452,0.13402,0.13461416399999998,0.133926186,-0.034057661711271794,-7.917122149424468,78.59794640029433,-0.35871537684696164,0.4344059405940574,-0.0037169194171869924,-0.005110740055556007,0.001,0,-0.006110740055556007
stress,ETHUSDT,1,1718381399999,1718381400000,1718385000000,3408.86,3396.06,3411.246202,3393.682758,-0.015979666716502288,-6.815738426080157,28.20081601679321,-0.27063883181899295,0.3256715989082033,-0.003754920999982425,-0.005148688473351037,0.001,0,-0.006148688473351037
stress,SOLUSDT,1,1718381399999,1718381400000,1718385000000,140.986,141.115,141.08469019999998,141.0162195,-0.017413384069458106,-4.690283337923069,24.09055396154592,-0.2534786288035623,0.40052980132450283,0.000914984466542812,-0.00048531630117287783,0.001,0,-0.0014853163011728778
stress,XRPUSDT,1,1718641199999,1718641200000,1718644800000,0.4984,0.5111,0.49874887999999995,0.51074223,-0.025162298300990475,-6.267814830979417,8.22218118267943,-0.28848959702260013,0.3310810810810826,0.025481540930979207,0.024046871042597617,0.001,0,0.023046871042597616
stress,ETHUSDT,1,1718671799999,1718671800000,1718675400000,3458.29,3399.4,3460.7108029999995,3397.02042,-0.013136671308361306,-5.065040402372304,6.368889459978785,-0.36986688468923257,0.2894144144144202,-0.017028647105939654,-0.018403844361912003,0.001,0,-0.019403844361912004
stress,ETHUSDT,1,1719174899999,1719174900000,1719178500000,3433.55,3424.03,3435.953485,3421.633179,-0.010885477989369981,-4.058006534024383,30.327551268448072,-0.39250321513538955,0.5210280373831817,-0.002772640561517936,-0.004167782265539044,0.001,0,-0.005167782265539044
stress,ETHUSDT,1,1719221699999,1719221700000,1719225300000,3290.01,3311.6,3292.3130069999997,3309.28188,-0.025276469995158264,-9.249090870551257,34.40750314788574,-0.2615213336652169,0.5295654565456542,0.006562290084224598,0.005154088619132358,0.001,0,0.004154088619132358
stress,LTCUSDT,-1,1719563999999,1719564000000,1719567600000,74.36,73.68,74.307948,73.731576,0.018184786625752507,6.665374514164181,18.435622990894064,0.2626192668928218,0.3653846153846138,0.009144701452393655,0.0077565323160315724,0.001,0,0.006756532316031572
stress,SOLUSDT,1,1720056899999,1720056900000,1720060500000,135.694,135.91,135.78898579999998,135.814863,-0.019499997580401544,-4.9004096155755095,6.346626017401412,-0.34873946610612805,0.34195090158591807,0.0015918168821025258,0.00019056921183691067,0.001,0,-0.0008094307881630894
stress,BTCUSDT,1,1720057499999,1720057500000,1720061100000,59599.8,59082.3,59641.51986,59040.942390000004,-0.010847034502204382,-5.493202239389565,7.233896050977798,-0.2945878328616718,0.6214947341707954,-0.008682915043339068,-0.010069788151102932,0.001,0,-0.011069788151102933
stress,DOGEUSDT,-1,1720101599999,1720101600000,1720105200000,0.10792,0.10857,0.107844456,0.108645999,0.01456064552468146,4.387369990199203,3.822285165263153,0.25393969079475776,0.4933333333333267,-0.006022979985174093,-0.007432398750288893,0.001,0,-0.008432398750288894
stress,BNBUSDT,1,1720148399999,1720148400000,1720152000000,477.82,468.63,478.15447399999994,468.30195899999995,-0.04720073661692649,-20.39321990438116,22.983245160484532,-0.26335938605443376,0.37854984894259774,-0.019233184044200713,-0.02060529710739456,0.001,0,-0.02160529710739456
stress,ETHUSDT,1,1720148399999,1720148400000,1720152000000,2926.66,2919.91,2928.7086619999995,2917.866063,-0.04225959720862929,-17.661614773079123,23.187692621605933,-0.34307699011993753,0.2980928965379742,-0.002306383385839106,-0.003702177393293593,0.001,0,-0.004702177393293593
stress,SOLUSDT,1,1720148399999,1720148400000,1720152000000,122.886,123.616,122.97202019999999,123.52946879999999,-0.022243167657293266,-5.351008042675876,11.20920603027229,-0.2752165376371649,0.33405983752724266,0.00594046514655866,0.004533133627416808,0.001,0,0.0035331336274168077
stress,BTCUSDT,-1,1720911599999,1720911600000,1720915200000,59449.6,59173.9,59407.98527999999,59215.321729999996,0.01185308106968206,4.071787935589765,12.871025678822472,0.2809262666934098,0.2526719096592106,0.0046375417160081644,0.0032430581359045307,0.001,0,0.0022430581359045307
stress,LTCUSDT,-1,1721396699999,1721396700000,1721400300000,71.18,71.8,71.13017400000001,71.85025999999999,0.013861608086624512,4.3035197638239024,8.125889598768183,0.25808226746465057,0.539999999999992,-0.008710311885360866,-0.01012349555056602,0.001,0,-0.01112349555056602
stress,BNBUSDT,1,1721584499999,1721584500000,1721588100000,592.84,592.73,593.254988,592.315089,-0.01260513848790607,-4.2489926004888225,20.750305935751136,-0.3440348013691509,0.2941952506596358,-0.00018554753390465084,-0.0015843086345868063,0.001,0,-0.0025843086345868063
stress,ETHUSDT,1,1721855699999,1721855700000,1721859300000,3328.47,3327.24,3330.7999289999993,3324.910932,-0.013790729304948403,-5.264294161077137,18.560489958809566,-0.3484248065032236,0.5550077841203916,-0.00036953915763093814,-0.0017680428502253598,0.001,0,-0.00276804285022536
stress,DOGEUSDT,-1,1722110099999,1722110100000,1722113700000,0.13583,0.13396,0.135734919,0.134053772,0.0245932359029564,5.340009729443282,7.5906600682090035,0.26891754996361716,0.34328358208955667,0.013767209011264159,0.012385515918715173,0.001,0,0.011385515918715172
stress,BTCUSDT,-1,1722544799999,1722544800000,1722548400000,64026.8,64926,63981.98124,64971.44819999999,0.01113051746286571,4.583096345925143,5.53183560476952,0.2510218211786488,0.4553333333333285,-0.01404411902515812,-0.01546477525115142,0.001,0,-0.01646477525115142
stress,BTCUSDT,1,1722565799999,1722565800000,1722569400000,63946,64437.7,63990.7622,64392.593609999996,-0.010234271308578062,-4.138957949961094,3.0364404637479785,-0.37168540753514545,0.28352272727273553,0.00768930034716786,0.006279522171404928,0.001,0,0.005279522171404928
stress,XRPUSDT,1,1722580199999,1722580200000,1722583800000,0.5606,0.5689,0.5609924199999999,0.5685017699999999,-0.016625780907909428,-4.011483231892821,3.544853671037991,-0.270970726200209,0.30136986301369695,0.014805565465572545,0.013385831487705335,0.001,0,0.012385831487705334
stress,LTCUSDT,1,1722608099999,1722608100000,1722611700000,67.98,64.72,68.027586,64.674696,-0.014023016820749287,-4.6538039971758165,3.9250840987786226,-0.2747134233818317,0.258620689655183,-0.0479552809649898,-0.04928721122045987,0.001,0,-0.05028721122045987
stress,ETHUSDT,1,1722791699999,1722791700000,1722795300000,2747.37,2693.24,2749.293159,2691.354732,-0.022569593324267265,-7.372472870582861,29.789954967721776,-0.2817395519900151,0.5511554230339196,-0.019702479098192116,-0.02107393560789783,0.001,0,-0.022073935607897832
stress,BTCUSDT,1,1722793499999,1722793500000,1722797100000,57348.6,58439.9,57388.74401999999,58398.99207,-0.014467127126463588,-5.393592062282289,15.751500795673953,-0.29270703659583197,0.2881419234360397,0.019029235238523734,0.017603592259275436,0.001,0,0.016603592259275435
stress,ETHUSDT,1,1722819599999,1722819600000,1722823200000,2526.04,2317.37,2527.808228,2315.747841,-0.031340119742838936,-9.695745415423803,18.990286664875015,-0.2651128830801136,0.43600309039402574,-0.08260755965859612,-0.08389101065937343,0.001,0,-0.08489101065937343
stress,BNBUSDT,-1,1722953999999,1722954000000,1722957600000,492.45,485.12,492.105285,485.45958399999995,0.030851624091270038,6.801079115462754,4.074492517039289,0.26320474353998513,0.39910813823857005,0.014884759874098874,0.013504632448724907,0.001,0,0.012504632448724906
stress,DOGEUSDT,-1,1724417399999,1724417400000,1724421000000,0.10867,0.10791,0.108593931,0.10798553699999999,0.019044655680145274,5.104277440336143,49.8514594378018,0.35732439541899663,0.4950980392156848,0.006993650501518345,0.00560246778431861,0.001,0,0.00460246778431861
stress,DOGEUSDT,1,1724424899999,1724424900000,1724428500000,0.10713,0.10986,0.107204991,0.109783098,-0.01767010219482369,-4.730153527805344,30.04235934660436,-0.3789595572647414,0.7203389830508443,0.025483057966956046,0.024048385956209728,0.001,0,0.023048385956209727
stress,XRPUSDT,1,1724694599999,1724694600000,1724698200000,0.5803,0.5841,0.58070621,0.58369113,-0.014541356218103842,-5.209026437701194,13.067081422084058,-0.2540676378371355,0.4545454545454598,0.00654833706703406,0.005140155122501433,0.001,0,0.004140155122501433
stress,XRPUSDT,1,1724794799999,1724794800000,1724798400000,0.5768,0.5627,0.57720376,0.56230611,-0.013945306478240773,-5.108024907208556,17.189991812434045,-0.2717228433198141,0.4799999999999979,-0.024445214979195606,-0.025810036303297812,0.001,0,-0.026810036303297813
stress,BTCUSDT,1,1724795399999,1724795400000,1724799000000,60172.5,59324.9,60214.620749999995,59283.37257,-0.01738753067464912,-7.065420621058003,13.719377287862887,-0.29863333778988455,0.4001896633475593,-0.014086168930990017,-0.01546548277479598,0.001,0,-0.01646548277479598
stress,DOGEUSDT,1,1724795399999,1724795400000,1724799000000,0.09928,0.09832,0.09934949599999998,0.098251176,-0.02604779933232743,-7.595366111733932,18.419866362844008,-0.31488123456358363,0.251879699248117,-0.009669621273166729,-0.011055113958504448,0.001,0,-0.012055113958504449
stress,ETHUSDT,1,1724795399999,1724795400000,1724799000000,2461.2,2449.77,2462.9228399999997,2448.0551609999998,-0.03835772227368946,-13.709278526045232,26.18844834861877,-0.3555830148151956,0.42523624235686347,-0.0046440760604582465,-0.006036599587504687,0.001,0,-0.007036599587504687
stress,LTCUSDT,1,1724795399999,1724795400000,1724799000000,60.4,59.97,60.44228,59.928020999999994,-0.034977131972150854,-12.327923721059356,17.724702856187225,-0.32191665775034195,0.33507853403141324,-0.0071192052980132425,-0.008508266068056991,0.001,0,-0.009508266068056992
stress,SOLUSDT,1,1724795399999,1724795400000,1724799000000,148.146,146.83,148.24970219999997,146.72721900000002,-0.01964444966104235,-5.410809795992196,11.540914908955273,-0.3015274566762175,0.3882709807886789,-0.008883128805367457,-0.010269721809936683,0.001,0,-0.011269721809936684
stress,SOLUSDT,1,1725231599999,1725231600000,1725235200000,129.014,128.411,129.1043098,128.3211123,-0.01872974210184329,-5.236610689424055,11.947286243293954,-0.3558303489799729,0.37141166025451283,-0.0046739113584572944,-0.006066393145304549,0.001,0,-0.0070663931453045494
stress,DOGEUSDT,-1,1726204199999,1726204200000,1726207800000,0.1035,0.10292,0.10342755,0.10299204399999999,0.014303333122048055,4.15864213955834,20.640376176955115,0.36038805724662293,0.3930348258706467,0.005603864734299524,0.004210734954081419,0.001,0,0.0032107349540814187
stress,XRPUSDT,-1,1727591399999,1727591400000,1727595000000,0.6242,0.6286,0.6237630599999999,0.62904002,0.011113909999639442,4.382928912928601,4.60061743160001,0.28048602671136713,0.3437499999999989,-0.007049022749118894,-0.008459878980329627,0.001,0,-0.009459878980329628
stress,DOGEUSDT,1,1727734799999,1727734800000,1727738400000,0.1159,0.11545,0.11598112999999999,0.115369185,-0.01702423595832994,-4.566418845245573,9.282544725198209,-0.3395768596301256,0.25287356321839566,-0.0038826574633304967,-0.005276246230744519,0.001,0,-0.006276246230744519
stress,XRPUSDT,1,1727739299999,1727739300000,1727742900000,0.6123,0.6156,0.6127286099999999,0.61516908,-0.011690342585288505,-4.143896905365927,3.1563087472180027,-0.3065612318794777,0.2999999999999852,0.005389514943655138,0.003982954215244083,0.001,-0.0001,0.0028829542152440835
stress,ETHUSDT,1,1727795099999,1727795100000,1727798700000,2507.42,2526.36,2509.175194,2524.591548,-0.018789985540642144,-7.498685777199838,14.674495525703584,-0.3431055366128314,0.28620689655172105,0.007553580971676022,0.006143992670126774,0.001,-0.00008397,0.005060022670126774
stress,BTCUSDT,1,1727813999999,1727814000000,1727817600000,60981.1,60811.2,61023.78676999999,60768.632159999994,-0.010102760558858411,-4.98541489115394,3.976667488883085,-0.3263076012819489,0.31402809086179895,-0.002786109138733117,-0.00418123199993603,0.001,0,-0.00518123199993603
stress,XRPUSDT,1,1727906399999,1727906400000,1727910000000,0.5409,0.5448,0.54127863,0.54441864,-0.01740767731625305,-4.982781897823048,8.32322066762401,-0.2843407767955196,0.3879310344827619,0.007210205213532772,0.00580109730177214,0.001,0,0.00480109730177214
stress,BTCUSDT,-1,1728261899999,1728261900000,1728265500000,63284.9,63766.1,63240.60057,63810.736269999994,0.008709728382892402,4.313272020855808,14.098608597698119,0.3735329235508693,0.3122923588039708,-0.007603709573689832,-0.009015342910428492,0.001,0,-0.010015342910428493
stress,ETHUSDT,1,1728507299999,1728507300000,1728510900000,2367.41,2377.47,2369.0671869999996,2375.805771,-0.018556016838196254,-7.033393548235276,16.68516395099787,-0.29471834786307094,0.30882352941176805,0.004249369564207184,0.002844403922766414,0.001,0,0.0018444039227664142
stress,DOGEUSDT,1,1729004699999,1729004700000,1729008300000,0.11199,0.11308,0.112068393,0.11300084399999999,-0.016384372186994723,-4.051347576682788,5.505046513497721,-0.30590095481170776,0.3750000000000023,0.009733011876060349,0.008320374505593087,0.001,-0.0001,0.007220374505593086
stress,XRPUSDT,1,1729004999999,1729005000000,1729008600000,0.5329,0.5408,0.53327303,0.5404214399999999,-0.01452810056290963,-4.225337012016609,8.906874622750188,-0.27670605495986056,0.2567567567567598,0.01482454494276575,0.013404784412217374,0.001,-0.0001,0.012304784412217374
stress,SOLUSDT,-1,1729006499999,1729006500000,1729010100000,154.4,155.02,154.29192,155.128514,0.014614992310855088,4.0817189456715885,5.000281617440268,0.27795470746884643,0.2500000000000079,-0.00401554404145088,-0.005422150427579098,0.001,0.0001,-0.0063221504275790975
stress,LTCUSDT,-1,1729216499999,1729216500000,1729220100000,74.71,73.13,74.657703,73.18119099999998,0.014835066403941107,4.767111730226994,6.162831439984748,0.3472170546255886,0.27419354838709753,0.021148440637130173,0.01977708850753168,0.001,0,0.01877708850753168
stress,SOLUSDT,1,1729518299999,1729518300000,1729521900000,163.09,164.83,163.204163,164.714619,-0.014548145924384252,-4.625216283933616,8.451853911388605,-0.30191606569250784,0.3233532934131713,0.01066895579128091,0.009255009015915805,0.001,0,0.008255009015915804
stress,ETHUSDT,1,1729557299999,1729557300000,1729560900000,2626.54,2640.62,2628.378578,2638.771566,-0.013158607146617636,-5.293392636204303,19.89710243523692,-0.26217071703145634,0.3530550179706927,0.0053606646005770475,0.003954144234392665,0.001,0,0.0029541442343926647
stress,XRPUSDT,1,1729588199999,1729588200000,1729591800000,0.5362,0.5333,0.53657534,0.5329266899999999,-0.009279947814052739,-4.104849233568123,12.312625505006908,-0.27973891318008015,0.6842105263157874,-0.005408429690413996,-0.00679988387092112,0.001,0,-0.00779988387092112
stress,ETHUSDT,1,1729706699999,1729706700000,1729710300000,2465.12,2494.43,2466.8455839999997,2492.6838989999997,-0.01523747756545719,-6.15605858043433,12.23019658816375,-0.31070348698797223,0.41469816272965915,0.011889887713377068,0.010474232828997287,0.001,0,0.009474232828997287
stress,BTCUSDT,-1,1729864799999,1729864800000,1729868400000,68314.4,68288.4,68266.57991999999,68336.20188,0.00827545515475342,4.058137189177168,3.9144284363580946,0.2532195094916001,0.36083213773315914,0.00038059325705852576,-0.0010198542256194543,0.001,0,-0.0020198542256194543
stress,XRPUSDT,1,1729897799999,1729897800000,1729901400000,0.5068,0.5007,0.50715476,0.50034951,-0.014109581516319778,-6.4272993756694685,11.874637694543814,-0.2810504947619389,0.2826086956521881,-0.012036306235201244,-0.013418487879321095,0.001,-0.00002578,-0.014444267879321095
stress,XRPUSDT,1,1730398199999,1730398200000,1730401800000,0.5039,0.5074,0.5042527299999999,0.50704482,-0.0088924605343469,-4.2405820642030525,9.272839499066695,-0.32004783566730044,0.2820512820512784,0.0069458225838459065,0.005537084548853155,0.001,0,0.004537084548853155
stress,SOLUSDT,1,1730836799999,1730836800000,1730840400000,163.97,166.72,164.084779,166.603296,-0.018010882127886402,-5.036216691929418,7.038523040216519,-0.2567434341924587,0.30454545454545046,0.0167713606147466,0.015348876448802118,0.001,0,0.014348876448802117
stress,BTCUSDT,-1,1730860199999,1730860200000,1730863800000,72372.8,73962,72322.13904,74013.77339999999,0.015448983750613491,6.724526520426002,6.949383510622229,0.3605178867089307,0.2786966589480689,-0.02195852585501723,-0.023390270012124237,0.001,0,-0.024390270012124238
stress,BTCUSDT,1,1730880299999,1730880300000,1730883900000,72993.7,73769.9,73044.79559,73718.26107,-0.011117008083694972,-4.606926870700631,3.722281528646981,-0.29672353025591036,0.3078575466365211,0.010633794423354326,0.009219896839470332,0.001,0,0.008219896839470331
stress,LTCUSDT,1,1731083999999,1731084000000,1731087600000,71.8,71.94,71.85025999999999,71.889642,-0.014929776897524364,-4.77206111113969,6.323564111097292,-0.2993324923094628,0.3265306122448944,0.001949860724234087,0.0005481121432266978,0.001,0,-0.00045188785677330225
stress,BNBUSDT,1,1731172499999,1731172500000,1731176100000,611.72,618.39,612.148204,617.957127,-0.013106049506716311,-5.6378091070680805,7.101020046649007,-0.35992673618854076,0.28181818181818963,0.010903681422873124,0.009489406261494304,0.001,0,0.008489406261494303
stress,BTCUSDT,-1,1731214499999,1731214500000,1731218100000,79331,79305.1,79275.4683,79360.61357,0.01811832256021282,7.481670326403493,25.00010645174519,0.28033365189432913,0.2735903008120823,0.00032648019059378086,-0.0010740431034452769,0.001,0,-0.002074043103445277
stress,LINKUSDT,1,1731268199999,1731268200000,1731271800000,14.382,14.189,14.392067399999998,14.1790677,-0.016824502213677574,-4.047321772258426,5.732421436145165,-0.2522627427575561,0.48148148148148445,-0.013419552218050357,-0.014799798672426978,0.001,0,-0.01579979867242698
stress,BTCUSDT,-1,1731360599999,1731360600000,1731364200000,88320.8,86935.8,88258.97544,86996.65505999999,0.01216254992145863,4.598136876711612,4.518740012503161,0.2769937563748164,0.25784624244168375,0.015681470276537324,0.014302459027049963,0.001,0,0.013302459027049962
stress,SOLUSDT,1,1732452299999,1732452300000,1732455900000,242.69,247.13,242.85988299999997,246.957009,-0.02526630062130097,-4.376153629993283,9.834291261249454,-0.32144988523674844,0.32783505154639286,0.018294944167456473,0.016870328476605634,0.001,0,0.015870328476605633
stress,BTCUSDT,-1,1733366099999,1733366100000,1733369700000,100100.7,102850,100030.62951,102921.995,0.014677502600248686,6.035249944710033,20.64476044563696,0.2730499036800407,0.492184569213455,-0.02746534240020293,-0.028904801500933663,0.001,0,-0.029904801500933664
stress,DOGEUSDT,1,1733437799999,1733437800000,1733441400000,0.41827,0.4317,0.41856278899999994,0.43139780999999994,-0.034057745892350166,-4.529841387196802,6.01685808360168,-0.2699512039908325,0.3594019551466376,0.03210844669710955,0.030664505630480177,0.001,0,0.029664505630480176
stress,ETHUSDT,1,1733437799999,1733437800000,1733441400000,3748.75,3811.6,3751.374125,3808.9318799999996,-0.024435349778074697,-6.7718539472675685,13.935621649624178,-0.29665204499600395,0.6471751821295889,0.016765588529509712,0.015343112438831907,0.001,0,0.014343112438831906
stress,LINKUSDT,1,1733437799999,1733437800000,1733441400000,22.886,23.574,22.9020202,23.5574982,-0.03807860463648642,-4.727176833556883,6.933395259972754,-0.3063077210215871,0.46858029480217384,0.03006204666608414,0.02862096855542906,0.001,0,0.02762096855542906
stress,BNBUSDT,1,1733778299999,1733778300000,1733781900000,653.85,677.62,654.307695,677.145666,-0.06391573358923937,-14.925049895109167,22.167775921990863,-0.5557587411598646,0.25224919368528254,0.0363539038005658,0.034904023251629335,0.001,0,0.033904023251629334
stress,ETHUSDT,1,1734449099999,1734449100000,1734452700000,3940.99,3944.02,3943.7486929999995,3941.2591859999998,-0.015429700518728643,-4.27702291531675,6.627936970872989,-0.3342965456078998,0.29579111457521645,0.0007688423467200334,-0.0006312539651470717,0.001,-0.0001,-0.0017312539651470717
stress,DOGEUSDT,1,1734552299999,1734552300000,1734555900000,0.371,0.35803,0.37125969999999997,0.357779379,-0.02736108783841586,-4.275059889093548,15.64925081241112,-0.3586304705896599,0.2935779816513778,-0.034959568733153534,-0.03630968025885917,0.001,0,-0.03730968025885917
stress,BNBUSDT,1,1734552599999,1734552600000,1734556200000,689.08,692.1,689.562356,691.61553,-0.02856458466054652,-6.9819149773867935,15.072278513892444,-0.3641137197536839,0.3521126760563381,0.004382655134381963,0.0029775030236713906,0.001,0,0.0019775030236713906
stress,BTCUSDT,1,1734552599999,1734552600000,1734556200000,101832.1,100785.6,101903.38247,100715.05008,-0.014291612464587445,-4.7423134064405055,20.182321029387218,-0.35450210337298116,0.708179581795818,-0.010276720209050016,-0.011661363550418358,0.001,0,-0.012661363550418359
stress,ETHUSDT,1,1734552599999,1734552600000,1734556200000,3698.83,3683.87,3701.4191809999998,3681.2912909999995,-0.02853464786712154,-7.905083924244118,19.49636038179531,-0.34729653141203676,0.432,-0.004044522186745558,-0.005437884502063395,0.001,0,-0.006437884502063395
stress,LINKUSDT,1,1734552599999,1734552600000,1734556200000,25.635,25.603,25.6529445,25.5850779,-0.044256697711149685,-5.214939712058576,13.083691047342564,-0.3328578750204596,0.5932686822589861,-0.0012482933489369463,-0.0026455676462403543,0.001,0,-0.0036455676462403544
stress,LTCUSDT,1,1734552599999,1734552600000,1734556200000,110.21,109.14,110.28714699999999,109.063602,-0.04590970130407786,-6.192458147046797,9.812442117522307,-0.2592086882117973,0.6000000000000014,-0.009708737864077555,-0.011094175824495567,0.001,0,-0.012094175824495568
stress,BTCUSDT,1,1734619799999,1734619800000,1734623400000,100987.1,100495,101057.79097,100424.6535,-0.016839778720246484,-5.76516361455815,6.207471645800262,-0.26840624514456757,0.32817502668089815,-0.004872899607969772,-0.006265103006139916,0.001,0,-0.007265103006139916
stress,BTCUSDT,1,1734630899999,1734630900000,1734634500000,97787.8,98227.4,97856.25146,98158.64081999999,-0.011814847165308017,-4.017365824057225,6.724991226520327,-0.26540969505401757,0.26104260455405925,0.004495448307457517,0.00309013839676453,0.001,0,0.00209013839676453
stress,DOGEUSDT,1,1734630899999,1734630900000,1734634500000,0.32069,0.31615,0.320914483,0.315928695,-0.05296355541130135,-8.44441448627267,13.754543875867817,-0.2633721124093825,0.3356729975227078,-0.014156974024759128,-0.015536188810774232,0.001,0,-0.016536188810774233
stress,ETHUSDT,1,1734637499999,1734637500000,1734641100000,3422.75,3392.57,3425.145925,3390.195201,-0.01802080105768033,-4.76441663473105,3.136661265045737,-0.2646390102506808,0.3545112781955009,-0.008817471331531657,-0.010204156192265001,0.001,0,-0.011204156192265002
stress,BNBUSDT,-1,1734697799999,1734697800000,1734701400000,641.97,641.84,641.520621,642.2892879999999,0.024759985609294318,5.863442671519906,3.6498725492169393,0.29947697750046,0.2967678746327093,0.00020250167453306211,-0.0011981953110122845,0.001,0,-0.0021981953110122845
stress,ETHUSDT,1,1736261999999,1736262000000,1736265600000,3568.01,3461.21,3570.507607,3458.7871529999998,-0.015951359105963684,-6.263579291840762,27.584222825291345,-0.3680287689980546,0.5741444866920141,-0.02993265153404845,-0.03128979582089997,0.001,0,-0.03228979582089997
stress,LTCUSDT,1,1736261999999,1736262000000,1736265600000,109.35,106.1,109.42654499999999,106.02573,-0.015246687943397562,-4.0129458781669225,11.851243638189715,-0.4603081252592469,0.5867052023121377,-0.029721079103795178,-0.031078519384853065,0.001,0,-0.032078519384853066
stress,XRPUSDT,-1,1736358599999,1736358600000,1736362200000,2.2696,2.3077,2.26801128,2.30931539,0.02322316931090712,5.302398986953015,4.990087223731873,0.2586768143088245,0.3026315789473667,-0.016787099048290566,-0.018211598136319784,0.001,0,-0.019211598136319785
stress,ETHUSDT,1,1736778899999,1736778900000,1736782500000,2953.73,3051.21,2955.797611,3049.074153,-0.03229261827752594,-11.005425192015286,22.792076961862836,-0.38205275364353297,0.26229247755977453,0.033002339414909265,0.03155714777387719,0.001,0,0.03055714777387719
stress,SOLUSDT,-1,1737026099999,1737026100000,1737029700000,204.92,214.23,204.77655599999997,214.37996099999998,0.022652534228249487,5.913019525214324,14.390893501162923,0.2517890060614516,0.33843537414965685,-0.045432363849307045,-0.04689699440008166,0.001,0,-0.04789699440008166
stress,DOGEUSDT,1,1737171899999,1737171900000,1737175500000,0.40814,0.40548,0.40842569799999995,0.40519616399999997,-0.025090531705717106,-4.875618271396466,6.9236719391483295,-0.2766126152824261,0.35281615302869274,-0.00651737149017495,-0.007907274238165063,0.001,0,-0.008907274238165064
stress,DOGEUSDT,1,1737179999999,1737180000000,1737183600000,0.3875,0.4003,0.38777124999999996,0.40001979,-0.025402316180506344,-4.892298347088263,7.483568994918696,-0.25139726504525617,0.549210206561356,0.03303225806451615,0.03158702456667428,0.001,0,0.03058702456667428
stress,DOGEUSDT,1,1737322199999,1737322200000,1737325800000,0.38071,0.3733,0.38097649699999997,0.37303869,-0.033450526242024534,-6.011968568095845,7.567011004996214,-0.2942903523793259,0.3275362318840562,-0.019463633736965025,-0.02083542439627173,0.001,0,-0.02183542439627173
stress,ETHUSDT,1,1737322199999,1737322200000,1737325800000,3249.99,3293.18,3252.2649929999993,3290.874774,-0.03747955324332926,-9.779700558045777,10.09694385062377,-0.26304099735986264,0.3085797639570343,0.013289271659297386,0.011871659007830493,0.001,0,0.010871659007830492
stress,LINKUSDT,1,1737322199999,1737322200000,1737325800000,25.093,24.906,25.1105651,24.8885658,-0.029452005065531642,-5.1301262560889604,9.136646608768807,-0.3047486266950672,0.402623612512611,-0.007452277527597362,-0.008840872322702142,0.001,0,-0.009840872322702143
stress,DOGEUSDT,1,1737326999999,1737327000000,1737330600000,0.35828,0.36034,0.358530796,0.360087762,-0.03091457530811758,-5.452428007668257,5.309063134792569,-0.3165670682769537,0.337078651685395,0.005749692977559562,0.0043426283526282194,0.001,0,0.0033426283526282194
stress,LTCUSDT,1,1737326999999,1737327000000,1737330600000,113.75,116.28,113.829625,116.198604,-0.037938854655231946,-6.764110897544756,5.8994392298510485,-0.3051271282696084,0.3836805555555566,0.022241758241758225,0.02081162087637556,0.001,0,0.019811620876375557
stress,XRPUSDT,1,1737326999999,1737327000000,1737330600000,2.9702,2.9754,2.97227914,2.9733172199999998,-0.03914949753501875,-6.755270138222154,12.603860530982628,-0.314984833650755,0.3877790834312566,0.001750723856979386,0.0003492538725686778,0.001,0,-0.0006507461274313222
stress,ETHUSDT,1,1738535699999,1738535700000,1738539300000,2875.18,2816.59,2877.1926259999996,2814.618387,-0.015673793639110648,-4.035876478149965,8.261098910982486,-0.31555245687530276,0.48631051752921256,-0.020377854603885526,-0.02174836624928833,0.001,0,-0.022748366249288332
stress,XRPUSDT,1,1738543499999,1738543500000,1738547100000,2.226,2.2514,2.2275582,2.2498240199999997,-0.07684456568319825,-12.947763996204385,10.07366947308321,-0.28547372786769964,0.2878605769230761,0.011410601976639567,0.009995617622919895,0.001,0,0.008995617622919894
stress,ETHUSDT,1,1738547399999,1738547400000,1738551000000,2654.59,2478.46,2656.448213,2476.725078,-0.04785591558617101,-12.145408323066109,19.39507755964251,-0.328457896660834,0.34998303359348515,-0.06634922907115604,-0.06765542581273731,0.001,0,-0.06865542581273731
stress,SOLUSDT,1,1738547399999,1738547400000,1738551000000,187.43,188.85,187.56120099999998,188.717805,-0.036495241466366235,-5.59223434961775,8.705421293863187,-0.2775349685695755,0.45582304778198807,0.007576161767059553,0.0061665418745107115,0.001,0,0.005166541874510711
stress,ETHUSDT,1,1739137799999,1739137800000,1739141400000,2538.5,2622.33,2540.27695,2620.494369,-0.027282490872514092,-4.904818465774567,21.208147102812543,-0.2695961631791153,0.42878182200715387,0.03302343903880245,0.03157821787896009,0.001,0,0.03057821787896009
stress,ETHUSDT,1,1740434699999,1740434700000,1740438300000,2580.08,2528.9,2581.886056,2527.12977,-0.022128451586621457,-6.613476992595054,15.306931756438386,-0.2637385557615922,0.34625560796042754,-0.019836594214132863,-0.02120786309401712,0.001,0,-0.022207863094017122
stress,SOLUSDT,1,1740435299999,1740435300000,1740438900000,144.69,143.41,144.791283,143.30961299999998,-0.036244211457593024,-8.465805783405493,12.632012353077185,-0.26211455273045936,0.8467261904761902,-0.008846499412537123,-0.010233143662384814,0.001,0,-0.011233143662384815
stress,BTCUSDT,1,1740479099999,1740479100000,1740482700000,87160,87800.1,87221.01199999999,87738.63993,-0.014332320729256689,-7.064387027121649,7.906609390151497,-0.2573312769552788,0.3084568588809855,0.007343965121615392,0.005934670076976678,0.001,0,0.004934670076976678
stress,LINKUSDT,1,1740706199999,1740706200000,1740709800000,14.688,14.291,14.6982816,14.2809963,-0.022752731649545922,-4.330868265370982,4.842859664031848,-0.29823805894754996,0.2536585365853638,-0.027028867102396492,-0.028390073843734154,0.001,0,-0.029390073843734155
stress,ETHUSDT,-1,1742382899999,1742382900000,1742386500000,2008.69,2019.02,2007.283917,2020.4333139999999,0.01798329547645213,4.077411160540044,14.027033783607951,0.29919608701399114,0.39969096059747644,-0.005142655163315357,-0.006550840610356934,0.001,0,-0.007550840610356934
stress,BTCUSDT,1,1742997599999,1742997600000,1743001200000,86792,86720.1,86852.75439999999,86659.39593,-0.010976258646564858,-5.193425868995845,13.939016562676073,-0.31005231368968944,0.28389970306830525,-0.0008284173656557536,-0.002226279078145099,0.001,0,-0.003226279078145099
stress,ETHUSDT,1,1743136799999,1743136800000,1743140400000,1976.83,1917.01,1978.2137809999997,1915.668093,-0.011447607925376675,-4.574121272117659,7.4737378446121765,-0.3029228221892475,0.45607961921245804,-0.03026056868825333,-0.031617254212222945,0.001,0,-0.032617254212222946
stress,ETHUSDT,1,1743247499999,1743247500000,1743251100000,1846.81,1853.37,1848.1027669999999,1852.0726409999997,-0.012858211543459562,-4.866712147207795,15.036691973689248,-0.3059414328559463,0.38629370629370474,0.0035520708681455737,0.002148080762004456,0.001,0,0.0011480807620044562
stress,LTCUSDT,1,1743632099999,1743632100000,1743635700000,83.57,81.39,83.62849899999999,81.333027,-0.02341916611039761,-7.007787464790523,4.0332824252113415,-0.2969277167680773,0.2989690721649553,-0.026085915998564024,-0.027448441948001334,0.001,0,-0.028448441948001335
stress,SOLUSDT,1,1743632099999,1743632100000,1743635700000,122.27,118.83,122.35558899999998,118.74681899999999,-0.024237735219859193,-6.105604272958954,8.556344025387105,-0.2673129190071545,0.3761467889908279,-0.02813445653062896,-0.029494116529486747,0.001,0,-0.030494116529486748
stress,XRPUSDT,1,1743632099999,1743632100000,1743635700000,2.0444,2.0241,2.0458310799999997,2.02268313,-0.028548568190952195,-7.544060668648045,5.740483866354578,-0.302023431137202,0.44573643410852415,-0.009929563686167153,-0.011314692706691942,0.001,0,-0.012314692706691943
stress,LINKUSDT,1,1743684599999,1743684600000,1743688200000,12.442,12.478,12.4507094,12.4692654,-0.021157235533308102,-4.965667539656418,7.48075404078367,-0.27287351798618475,0.3263888888888804,0.002893425494293389,0.0014903568466548833,0.001,0,0.0004903568466548833
stress,ETHUSDT,1,1743731999999,1743732000000,1743735600000,1781.76,1788.2,1783.007232,1786.94826,-0.01615052933558604,-5.205935392503991,14.163352940027734,-0.37768756089726063,0.3170665947694801,0.0036144037356322656,0.002210326424520126,0.001,0,0.001210326424520126
stress,ETHUSDT,1,1743971699999,1743971700000,1743975300000,1586.88,1591.67,1587.990816,1590.5558310000001,-0.022494141278991794,-6.689114754344757,7.763806890929782,-0.3000007235029811,0.2848232848232886,0.003018501714055155,0.001615258082197979,0.001,0,0.0006152580821979789
stress,ETHUSDT,1,1744007699999,1744007700000,1744011300000,1488.69,1446.12,1489.7320829999999,1445.1077159999998,-0.019134628559905595,-5.298003390903001,5.234603062251707,-0.26071418693565307,0.2878888153540714,-0.028595610906233082,-0.029954625740580276,0.001,0,-0.030954625740580277
stress,BNBUSDT,1,1744008899999,1744008900000,1744012500000,522.38,529.42,522.7456659999999,529.049406,-0.017364347825304563,-7.000121493319126,9.814043021324618,-0.28288445087557224,0.6269607843137255,0.013476779356024204,0.012058904377411084,0.001,0,0.011058904377411083
stress,SOLUSDT,-1,1744598099999,1744598100000,1744601700000,135.36,132.57,135.265248,132.66279899999998,0.0329696065166017,5.569835272297753,8.244906890541074,0.28300604475466895,0.2786259541984689,0.020611702127659726,0.01923959803777564,0.001,0,0.01823959803777564
stress,BTCUSDT,-1,1745358599999,1745358600000,1745362200000,93405,92635.9,93339.6165,92700.74512999998,0.023122730463739107,8.873385272205509,14.317200533356662,0.45259715298599823,0.28940862535808154,0.008234034580590022,0.006844589617528873,0.001,0,0.005844589617528873
stress,SOLUSDT,-1,1745358599999,1745358600000,1745362200000,148.42,147.4,148.316106,147.50318,0.019529079808045295,4.06440652689243,5.81046288509339,0.28063383752275817,0.2608695652173917,0.00687238916588051,0.005481036563891428,0.001,0,0.004481036563891428
stress,LTCUSDT,1,1746474299999,1746474300000,1746477900000,84.93,82.34,84.989451,82.282362,-0.01438032613888329,-4.321681255631676,3.520828363635871,-0.33196380840752104,0.32727272727273293,-0.030495702343106168,-0.03185205891022869,0.001,0,-0.03285205891022869
stress,BTCUSDT,-1,1746666299999,1746666300000,1746669900000,97942.3,97867.9,97873.74039,97936.40752999998,0.010146016222190118,6.121690906960803,17.132040310058983,0.3202454910357775,0.6412393834539089,0.0007596309255551992,-0.0006402855326694823,0.001,0,-0.0016402855326694823
stress,BTCUSDT,-1,1746717899999,1746717900000,1746721500000,100476.2,100897.9,100405.86666,100968.52852999998,0.008821973955466307,5.316579978798144,17.72988423795619,0.344143314208309,0.34569396095051075,-0.004197013820188333,-0.005603874441971524,0.001,0.00005728,-0.006546594441971524
stress,BNBUSDT,1,1746726599999,1746726600000,1746730200000,616.04,617.65,616.4712279999999,617.217645,-0.007842162899532108,-5.595440412006834,10.548087379488074,-0.4916517213144067,0.38721804511277635,0.0026134666580093224,0.0012107896785737982,0.001,0,0.00021078967857379814
stress,LINKUSDT,1,1746946199999,1746946200000,1746949800000,16.579,16.435,16.5906053,16.423495499999998,-0.018880885908925078,-4.933419617966326,5.689558689176949,-0.41095606527012996,0.31683168316831994,-0.008685686712105789,-0.010072555942247763,0.001,0,-0.011072555942247764
stress,BTCUSDT,-1,1746989399999,1746989400000,1746993000000,104676.9,104541.6,104603.62616999999,104614.77911999999,0.007360059918652702,4.149869248905864,3.133876509153985,0.3375927497312403,0.34395082425260637,0.0012925487858351792,-0.0001066210647600041,0.001,0,-0.0011066210647600041
stress,BNBUSDT,1,1747036199999,1747036200000,1747039800000,659.11,669,659.571377,668.5317,-0.012169434427963637,-6.257434715179761,9.930337713455698,-0.2813879506072794,0.5097087378640799,0.0150050826114001,0.01358506950491889,0.001,0,0.012585069504918889
stress,DOGEUSDT,-1,1747040099999,1747040100000,1747043700000,0.24765,0.24826,0.247476645,0.248433782,0.020148322186730478,4.056822968937126,3.846983281298438,0.2982833646485499,0.3272727272727308,-0.0024631536442560886,-0.0038675851614200507,0.001,0,-0.004867585161420051
stress,LTCUSDT,-1,1747092299999,1747092300000,1747095900000,104.72,103.73,104.64669599999999,103.802611,0.020352764271235647,4.626907733526616,6.122497678744239,0.2595217967106551,0.5465116279069758,0.009453781512605008,0.008066045391437848,0.001,0.0001,0.0071660453914378485
stress,LINKUSDT,1,1747230599999,1747230600000,1747234200000,16.857,16.855,16.8687999,16.8432015,-0.021362314698683087,-5.0206354432820675,4.903943130593046,-0.3018239046450739,0.2688172043010792,-0.00011864507326331264,-0.0015174997718717664,0.001,0,-0.0025174997718717665
stress,LTCUSDT,1,1747726799999,1747726800000,1747730400000,93.52,93.51,93.58546399999999,93.444543,-0.027737080018459176,-5.731839188803628,13.908568669378223,-0.2815175896096045,0.6219512195122066,-0.00010692899914443998,-0.0015058000887829825,0.001,-0.00001634,-0.0025221400887829827
stress,BTCUSDT,1,1748309099999,1748309100000,1748312700000,107987.6,108462.6,108063.19132,108386.67618,-0.008482500195033089,-4.118014707590763,17.804971030954615,-0.30985176294018535,0.7817612747190277,0.004398653178698364,0.00299347868639277,0.001,0,0.00199347868639277
stress,BNBUSDT,-1,1748355299999,1748355300000,1748358900000,695.73,688.49,695.242989,688.971943,0.010315625455247696,4.978801166625072,20.9463511602365,0.2689982724271891,0.45399999999999635,0.01040633579118333,0.009019934180163225,0.001,0,0.008019934180163224
stress,BNBUSDT,1,1749154499999,1749154500000,1749158100000,639.28,628.83,639.727496,628.389819,-0.007418292910530454,-4.102044140366834,8.02195195276932,-0.3791440109617574,0.49479166666665664,-0.0163465148291827,-0.017722666402320786,0.001,0,-0.018722666402320787
stress,ETHUSDT,-1,1749217799999,1749217800000,1749221400000,2513.5,2520.24,2511.74055,2522.0041679999995,0.012059743705827445,4.015677733239745,4.005326233533274,0.2698158822826924,0.2652259332023663,-0.0026815197931171486,-0.004086257237038149,0.001,0,-0.005086257237038149
stress,DOGEUSDT,-1,1749503699999,1749503700000,1749507300000,0.1906,0.19394,0.19046658,0.194075758,0.019977878748355552,5.008499301862931,13.269092181877483,0.40685064103081325,0.5679442508710849,-0.017523609653725236,-0.01894914057888797,0.001,0,-0.01994914057888797
stress,LINKUSDT,-1,1749571799999,1749571800000,1749575400000,15.476,15.332,15.4651668,15.3427324,0.03124228635743737,8.160212934528495,9.728901403622938,0.2565980848328835,0.4285714285714326,0.009304729904368036,0.007916784964776546,0.001,0,0.0069167849647765465
stress,SOLUSDT,1,1749677999999,1749678000000,1749681600000,161.4,159.47,161.51298,159.358371,-0.014516185517185623,-4.154201929843647,3.066782286772463,-0.29578349638719736,0.3333333333333333,-0.01195786864931847,-0.01334016002924343,0.001,0,-0.014340160029243432
stress,ETHUSDT,1,1749761099999,1749761100000,1749764700000,2650,2643.82,2651.855,2641.969326,-0.014580040629164803,-4.714277827373404,8.624988510259206,-0.2711941326297095,0.37399510660607377,-0.002332075471698003,-0.003727833535393188,0.001,0,-0.004727833535393188
stress,BTCUSDT,1,1749773099999,1749773100000,1749776700000,104743.9,103212.6,104817.22072999999,103140.35118,-0.011453691566536526,-7.059187928779295,17.989582560095336,-0.3125722926687231,0.2698614870243598,-0.014619467100231986,-0.015998034848867637,0.001,0,-0.016998034848867638
stress,BTCUSDT,1,1750541699999,1750541700000,1750545300000,101209.9,101800.1,101280.74692999998,101728.83993,-0.012594986007995612,-7.246532892678729,16.784356982682645,-0.26619530920745127,0.2528276779773786,0.00583144534279767,0.0044242663446165675,0.001,0,0.0034242663446165675
stress,LTCUSDT,1,1750541699999,1750541700000,1750545300000,79.15,80.03,79.205405,79.973979,-0.02852531952176182,-9.516213789775493,18.60388635898969,-0.2657202287841758,0.42187500000000083,0.011118130132659498,0.009703554953099491,0.001,0,0.00870355495309949
stress,SOLUSDT,1,1750541699999,1750541700000,1750545300000,132.76,133.86,132.85293199999998,133.766298,-0.03754782956199501,-9.989781801631107,18.795854216774377,-0.26854534659150775,0.4852941176470602,0.008285628201265549,0.006875015750499314,0.001,0,0.005875015750499314
stress,BNBUSDT,1,1750601999999,1750602000000,1750605600000,613.41,610.29,613.8393869999999,609.8627969999999,-0.006694096194895522,-4.120812052375461,3.5106854859451775,-0.31012759679357815,0.39087947882734747,-0.00508632073164772,-0.006478225549251038,0.001,0,-0.007478225549251038
stress,ETHUSDT,1,1750622999999,1750623000000,1750626600000,2143.06,2184.39,2144.560142,2182.8609269999997,-0.018534073754811843,-4.782528449108648,4.538621673331702,-0.36932158414614935,0.39113469642578247,0.019285507638610255,0.017859506128972802,0.001,0,0.0168595061289728
stress,ETHUSDT,-1,1750686299999,1750686300000,1750689900000,2287.87,2283.75,2286.268491,2285.3486249999996,0.017865059733000597,4.45863985481524,8.54589339799423,0.27067696296566,0.30332583145786884,0.0018008016189731135,0.0004023438207809704,0.001,0,-0.0005976561792190296
stress,SOLUSDT,-1,1750699799999,1750699800000,1750703400000,136.07,138.07,135.974751,138.16664899999998,0.017644463979709053,4.236754271075025,5.598821535448135,0.25300957037888194,0.28497409326423884,-0.014698317042698639,-0.01611988978747969,0.001,0,-0.017119889787479692
stress,BNBUSDT,-1,1750700099999,1750700100000,1750703700000,627.46,629.5,627.0207780000001,629.94065,0.007133519262054579,4.00871605263637,6.954362862241002,0.41947441461372703,0.4372093023255734,-0.0032512032639531174,-0.004656738823414219,0.001,0,-0.005656738823414219
stress,XRPUSDT,-1,1750700099999,1750700100000,1750703700000,2.0373,2.0536,2.03587389,2.0550375199999995,0.020529307284556646,6.303548614631511,10.770841893964777,0.2670125982969149,0.39887640449438716,-0.008000785353163398,-0.009412974985400169,0.001,0,-0.01041297498540017
stress,ETHUSDT,-1,1750901699999,1750901700000,1750905300000,2463.68,2464.5,2461.9554239999998,2466.2251499999998,0.018301935479657354,4.5251713398449285,8.883286180958006,0.25176374861641704,0.27558853633572167,-0.00033283543317330633,-0.0017342824156674208,0.001,0,-0.002734282415667421
stress,SOLUSDT,-1,1751297999999,1751298000000,1751301600000,156.06,156.53,155.950758,156.639571,0.029522919250847025,7.569195100012245,14.06088271186361,0.25119951875087865,0.3143812709030083,-0.0030116621812124045,-0.004416862148242773,0.001,0.00003926,-0.005377602148242773
stress,ETHUSDT,-1,1752039599999,1752039600000,1752043200000,2636.7,2625.79,2634.8543099999997,2627.628053,0.011354894762262084,4.563814239247866,12.922121662368953,0.3656380858120405,0.30621890547263686,0.004137747942503878,0.0027425641609762907,0.001,0,0.0017425641609762907
stress,ETHUSDT,-1,1752084599999,1752084600000,1752088200000,2700.75,2716.51,2698.8594749999997,2718.411557,0.015902882129642266,6.475519180726529,18.490250017278917,0.3819623490664197,0.3347826086956522,-0.005835416088123768,-0.007244572079841305,0.001,0,-0.008244572079841306
stress,BTCUSDT,-1,1752089999999,1752090000000,1752093600000,110902.1,110862.8,110824.46853,110940.40396,0.0067048980710433855,5.395341594703377,29.766155257894617,0.33209873733363793,0.3757269007107387,0.000354366599009448,-0.0010461176267100303,0.001,0,-0.0020461176267100303
stress,BTCUSDT,-1,1752182399999,1752182400000,1752186000000,116449.7,116194.6,116368.18521,116275.93622,0.025192373773856885,19.401443466269882,42.26617221545254,0.300172583290089,0.26631675034231,0.0021906454031225264,0.0007927337685426084,0.001,0,-0.00020726623145739167
stress,LTCUSDT,1,1752216599999,1752216600000,1752220200000,94.9,95.11,94.96643,95.04342299999999,-0.009647725839093712,-4.051500487039345,4.99142470793787,-0.3888542059209693,0.3085106382978797,0.002212855637513167,0.0008107391211820136,0.001,0,-0.0001892608788179864
stress,DOGEUSDT,1,1752324599999,1752324600000,1752328200000,0.1948,0.19532,0.19493635999999998,0.195183276,-0.016647112360737962,-4.466310012010873,5.123105752146027,-0.283170638860223,0.38964577656676075,0.0026694045174537884,0.0012666492797956952,0.001,0,0.00026664927979569517
stress,BTCUSDT,-1,1752416399999,1752416400000,1752420000000,119231.5,118952.4,119148.03795,119035.66667999998,0.006757635390265125,4.548755073994654,29.83096708248472,0.39040887728483353,0.3930919529586094,0.002340824362689453,0.0009431231259315886,0.001,0,-0.000056876874068411375
stress,BTCUSDT,-1,1752464699999,1752464700000,1752468300000,121149.8,121199.3,121064.99514,121284.13951,0.01052987191137605,6.969314141313093,36.85800367829204,0.3241603092593641,0.34215789473684516,-0.00040858507401586586,-0.001810138180293741,0.001,0,-0.002810138180293741
stress,BTCUSDT,-1,1752470699999,1752470700000,1752474300000,122421.7,122390,122336.00481,122475.673,0.009989965134944972,6.51782164696019,21.39123567565819,0.32473226573405234,0.27837168141592716,0.00025894102107715256,-0.0011416768940339939,0.001,0,-0.002141676894033994
stress,LTCUSDT,1,1752540599999,1752540600000,1752544200000,93.3,94.04,93.36531,93.97417200000001,-0.024666470508153196,-8.616171798609775,21.427761373490362,-0.30183889454288804,0.2814070351758792,0.007931404072883286,0.006521287189000136,0.001,0,0.005521287189000136
stress,BNBUSDT,1,1752548699999,1752548700000,1752552300000,678.8,678.48,679.2751599999999,678.005064,-0.0075876350086241775,-5.652985841840525,8.123790262701801,-0.46127287828263497,0.4506539833531484,-0.0004714201532114437,-0.0018697813121857365,0.001,0,-0.0028697813121857365
stress,SOLUSDT,1,1752590699999,1752590700000,1752594300000,159.34,159.59,159.451538,159.478287,-0.01160627030642221,-4.023790456369576,3.548390307242952,-0.4168786427642839,0.29375000000000034,0.0015689720095393156,0.00016775629972287653,0.001,0,-0.0008322437002771235
stress,LTCUSDT,-1,1752810599999,1752810600000,1752814200000,106.97,107.19,106.89512099999999,107.26503299999999,0.016304965145947616,4.869391216224545,3.979595904177321,0.29938762489144044,0.586206896551727,-0.0020566513975881495,-0.0034605134129555015,0.001,0,-0.0044605134129555015
stress,DOGEUSDT,-1,1752815399999,1752815400000,1752819000000,0.24181,0.24224,0.241640733,0.242409568,0.023600409129445235,4.982808218381147,4.362865777041842,0.4876425045079198,0.3357894736842101,-0.0017782556552665696,-0.003181727643575716,0.001,0,-0.004181727643575716
stress,LTCUSDT,-1,1752990299999,1752990300000,1752993900000,115.88,115.36,115.79888399999999,115.44075199999999,0.017587080499222422,4.127455572663749,5.1090762370242135,0.2598640775306327,0.35820895522387586,0.004487400759406235,0.003092706834722181,0.001,0,0.002092706834722181
stress,SOLUSDT,1,1753049699999,1753049700000,1753053300000,179.21,180.01,179.335447,179.88399299999998,-0.01692986493960835,-4.967026141691358,5.6172881250075575,-0.4468992999103708,0.4754716981132031,0.004464036605100086,0.003058770640028463,0.001,0,0.002058770640028463
stress,BNBUSDT,-1,1753229699999,1753229700000,1753233300000,796.01,798.79,795.4527929999999,799.3491529999999,0.010608839079412413,4.122128995605884,7.607044096725239,0.2803005657507165,0.4020467836257291,-0.0034924184369542477,-0.004898291934213983,0.001,0,-0.005898291934213983
stress,DOGEUSDT,1,1753278299999,1753278300000,1753281900000,0.24324,0.24714,0.24341026799999999,0.246967002,-0.029653406165522186,-4.753152008714003,12.908775131134842,-0.2996855856691877,0.39280774550484293,0.016033547113961433,0.014612095164366679,0.001,0,0.013612095164366678
stress,LINKUSDT,1,1753278299999,1753278300000,1753281900000,18.104,18.254,18.116672799999996,18.2412222,-0.02482058414044991,-5.130879571073326,11.977269083266174,-0.2720044525655343,0.3732534930139735,0.008285461776403213,0.006874849558468732,0.001,0,0.005874849558468732
stress,LTCUSDT,1,1753278299999,1753278300000,1753281900000,112.36,113.65,112.43865199999999,113.570445,-0.024175939001520878,-4.8880580932245055,11.056484957600038,-0.2809402197626364,0.5324384787472027,0.01148095407618377,0.010065871298421625,0.001,0,0.009065871298421624
stress,SOLUSDT,1,1753278299999,1753278300000,1753281900000,189.52,190.57,189.652664,190.436601,-0.023104628898942724,-5.871170342064456,10.526139939860716,-0.2741479925873396,0.36914062500000255,0.005540312368087719,0.0041335406709606115,0.001,0,0.0031335406709606115
stress,SOLUSDT,1,1754078999999,1754079000000,1754082600000,163.94,163.79,164.054758,163.675347,-0.017235028864197175,-4.1067333030557105,7.08379855294665,-0.30774660985664104,0.3471337579617829,-0.0009149688910576881,-0.002312709516172684,0.001,0,-0.003312709516172684
stress,ETHUSDT,-1,1755029999999,1755030000000,1755033600000,4601.26,4606.69,4598.039118,4609.914682999999,0.02102020885237919,6.456363924535823,14.305160174757994,0.2796798254694033,0.2963645176926788,-0.0011801115346663504,-0.0025827455346150163,0.001,0,-0.0035827455346150163
stress,BNBUSDT,1,1755174899999,1755174900000,1755178500000,841.34,835.83,841.928938,835.244919,-0.025036078161324773,-9.82915704660918,17.270502743534507,-0.2515352599003504,0.25952693823915873,-0.006549076473245097,-0.007938934865308167,0.001,0,-0.008938934865308168
stress,ETHUSDT,1,1755174899999,1755174900000,1755178500000,4560.59,4544.05,4563.782413,4540.869165,-0.03422755283590557,-10.25301928171861,21.172090590616417,-0.2981800277081651,0.29560640732265514,-0.0036267237353061477,-0.005020670559299889,0.001,0,-0.006020670559299889
stress,XRPUSDT,1,1755174899999,1755174900000,1755178500000,3.0663,3.1052,3.06844641,3.10302636,-0.049780507626327866,-13.112570570476977,26.22228536539889,-0.294265004500323,0.256029684601112,0.012686299448847027,0.011269530367975289,0.001,0,0.010269530367975288
stress,ETHUSDT,1,1756064099999,1756064100000,1756067700000,4863.64,4793.24,4867.044548,4789.8847319999995,-0.016696975488026254,-4.152985708033573,13.156021546573157,-0.3272664304134041,0.3711419097015539,-0.014474755532893124,-0.015853525736004848,0.001,0,-0.01685352573600485
stress,LTCUSDT,1,1757304599999,1757304600000,1757308200000,113.22,113.34,113.29925399999999,113.260662,-0.01698814935486789,-6.503397935137299,17.73010507769714,-0.28852107812827255,0.43478260869565755,0.0010598834128245915,-0.00034062007151425266,0.001,0,-0.0013406200715142527
stress,BNBUSDT,-1,1757512199999,1757512200000,1757515800000,906.4,903.96,905.7655199999999,904.592772,0.006497230827615181,4.090960574297073,13.163408367288847,0.2649768214702841,0.320150659133715,0.0026919682259487487,0.0012947589349614486,0.001,0,0.00029475893496144854
stress,BNBUSDT,-1,1757698199999,1757698200000,1757701800000,916.77,922.36,916.128261,923.0056519999999,0.007620836409807525,5.251838025724173,24.249955433633115,0.3393895808727594,0.2754285714285678,-0.0060974944642604445,-0.007507017622721213,0.001,0,-0.008507017622721214
stress,DOGEUSDT,1,1757783699999,1757783700000,1757787300000,0.28271,0.28596,0.282907897,0.285759828,-0.0369473642164376,-9.401414746020054,7.946125891296761,-0.3673366507091257,0.38196555217831807,0.011495879169466816,0.010080775511190465,0.001,0,0.009080775511190464
stress,LTCUSDT,1,1757812499999,1757812500000,1757816100000,117.45,118.79,117.532215,118.706847,-0.010585693971069204,-4.249601760786019,6.065989415087527,-0.29213333592205115,0.3333333333333275,0.01140911025968494,0.009994127992908108,0.001,0,0.008994127992908107
stress,BNBUSDT,1,1757926199999,1757926200000,1757929800000,913.52,916.58,914.159464,915.938394,-0.0062637291623246424,-4.092129389574431,7.632976429352242,-0.3344564539802414,0.2929782082324466,0.0033496803572992118,0.0019459733996693984,0.001,0,0.0009459733996693984
stress,BNBUSDT,-1,1758379799999,1758379800000,1758383400000,1010.72,1021.85,1010.0124959999999,1022.565295,0.007408176879552832,4.036140995159842,16.563902631412947,0.32161996862875775,0.25031133250311305,-0.011011951875890436,-0.01242836009426962,0.001,0,-0.01342836009426962
stress,BNBUSDT,-1,1758404399999,1758404400000,1758408000000,1036.98,1038.93,1036.254114,1039.657251,0.01259599380471875,6.72296479718458,14.886809827616972,0.2898744650739751,0.5295075295075305,-0.001880460568188358,-0.0032840757436065626,0.001,0,-0.004284075743606563
stress,ETHUSDT,1,1758501299999,1758501300000,1758504900000,4372.9,4342.27,4375.9610299999995,4339.2304110000005,-0.01440572524800209,-6.6106437721698255,53.31090924643695,-0.30276647336121865,0.3560903732809448,-0.007004505019552076,-0.008393726257657996,0.001,0,-0.009393726257657997
stress,DOGEUSDT,1,1758501899999,1758501900000,1758505500000,0.25061,0.25078,0.250785427,0.250604454,-0.028481195045214548,-6.220656015484562,6.596546000545654,-0.29625114904829786,0.4495412844036578,0.0006783448385938584,-0.0007216248653875157,0.001,0,-0.0017216248653875157
stress,LTCUSDT,1,1758521099999,1758521100000,1758524700000,105.11,106.64,105.18357699999999,106.56535199999999,-0.05117913262020239,-20.024560702792275,62.42677401997354,-0.2596451951076941,0.5100446428571432,0.01455617924079533,0.013136794159415155,0.001,0,0.012136794159415154
stress,ETHUSDT,-1,1758598499999,1758598500000,1758602100000,4190.7,4158.39,4187.7665099999995,4161.300873,0.00975463091137494,4.050491801478236,3.1874465954799014,0.26949590064914375,0.2566287878787927,0.007709929128785098,0.006319749904107996,0.001,0,0.005319749904107996
stress,DOGEUSDT,1,1758803399999,1758803400000,1758807000000,0.22687,0.2319,0.22702880899999997,0.23173766999999998,-0.02110482100272848,-4.4582480101187265,8.975228563906194,-0.38048552585920303,0.2692939244663394,0.022171287521488114,0.020741248746100727,0.001,0,0.019741248746100726
stress,ETHUSDT,1,1758803399999,1758803400000,1758807000000,3940.18,4001.36,3942.9381259999996,3998.559048,-0.017446223203961,-6.982604797068211,8.802818828063485,-0.4144704167537554,0.29766374634960296,0.015527209416828835,0.014106465844146099,0.001,0,0.013106465844146098
stress,SOLUSDT,1,1758803399999,1758803400000,1758807000000,198.22,201.04,198.35875399999998,200.899272,-0.019731402647672817,-5.73365092980752,8.064427307062886,-0.3820918412395745,0.36039603960396027,0.014226616890323784,0.012807692873489263,0.001,0,0.011807692873489262
stress,ETHUSDT,-1,1759097999999,1759098000000,1759101600000,4103.69,4122.63,4100.817416999999,4125.515840999999,0.011546314859846115,4.319593327992691,5.134655410655645,0.3109542185789662,0.3136531365313835,-0.004615358372586753,-0.006022805087008365,0.001,0,-0.007022805087008365
stress,BTCUSDT,-1,1759639799999,1759639800000,1759643400000,125284.7,125100.9,125197.00071,125188.47062999998,0.0102442888693424,6.500976953156291,39.39993408917374,0.29627718742813136,0.3686174513340344,0.0014670586272705899,0.00006813326159282873,0.001,0,-0.0009318667384071713
stress,BNBUSDT,1,1759840499999,1759840500000,1759844100000,1305.4,1315.27,1306.31378,1314.349311,-0.017488153802494587,-5.688256081445523,8.720772517484075,-0.3378115328823227,0.33072916666666907,0.0075609008732955285,0.006151302331052433,0.001,0,0.005151302331052433
stress,SOLUSDT,1,1759844699999,1759844700000,1759848300000,227.37,226.25,227.529159,226.091625,-0.01735306886096112,-4.998424117201545,13.820819680831423,-0.2645171896314573,0.36656891495601207,-0.004925891718344566,-0.006318020979456107,0.001,0,-0.007318020979456107
stress,BTCUSDT,1,1759846499999,1759846500000,1759850100000,122795.6,121906.8,122881.55692,121821.46524,-0.00835213874405945,-5.168846712488514,7.607675806924794,-0.2627991904462825,0.2612481857764877,-0.007238044359895612,-0.008626938871633572,0.001,0,-0.009626938871633572
stress,BTCUSDT,-1,1759932299999,1759932300000,1759935900000,123020,122252.3,122933.886,122337.87660999999,0.007424665935291818,4.463307821649702,6.724403678364328,0.2805979412390347,0.379109500388296,0.0062404487075271575,0.004848210769160977,0.001,0,0.0038482107691609766
stress,LTCUSDT,1,1760058599999,1760058600000,1760062200000,127.66,127.93,127.74936199999999,127.840449,-0.012610114944874046,-4.03054903117065,3.066890951763032,-0.3405506623684683,0.4070796460176901,0.0021149929500234865,0.0007130133456165755,0.001,0,-0.00028698665438342454
stress,XRPUSDT,1,1760109899999,1760109900000,1760113500000,2.7516,2.7487,2.7535261199999996,2.7467759099999998,-0.012854482832248569,-5.375521706441868,21.137047666467716,-0.2756484303370441,0.2861111111111102,-0.0010539322575955357,-0.002451478470086199,0.001,-0.00001196,-0.0034634384700861992
stress,LTCUSDT,1,1760110199999,1760110200000,1760113800000,126.97,127.93,127.05887899999999,127.840449,-0.02050034769297997,-5.91019434425874,4.997355878856298,-0.2815543574114393,0.39772727272727637,0.007560841143577246,0.006151242684897529,0.001,-0.0001,0.0050512426848975285
stress,XRPUSDT,1,1760129999999,1760130000000,1760133600000,2.4961,2.3266,2.49784727,2.32497138,-0.07584910432920937,-30.31334034766295,47.555369226506464,-0.29526372397690503,0.3714867617107946,-0.06790593325587924,-0.0692099521361047,0.001,0,-0.0702099521361047
stress,BNBUSDT,1,1760130899999,1760130900000,1760134500000,1114.29,1097.66,1115.0700029999998,1096.891638,-0.0742073766566994,-20.33212335630068,24.44747675382789,-0.3251125385376007,0.35538664391530284,-0.014924301573199017,-0.01630244285210114,0.001,0,-0.01730244285210114
stress,ETHUSDT,1,1760130899999,1760130900000,1760134500000,3723.05,3895,3725.6561349999997,3892.2735,-0.037356359550503246,-12.848759772650556,21.21035687660334,-0.3101077126297881,0.3878083084628318,0.046185251339627476,0.04472161653211715,0.001,0,0.04372161653211715
stress,LTCUSDT,1,1760130899999,1760130900000,1760134500000,114.11,96.25,114.189877,96.182625,-0.06291061953740958,-16.7458718022887,9.60758095493424,-0.28667767638223984,0.33389830508474566,-0.1565156428008062,-0.15769569486444057,0.001,0,-0.15869569486444057
stress,SOLUSDT,1,1760130899999,1760130900000,1760134500000,185.16,188.68,185.28961199999998,188.547924,-0.06122170122667678,-17.234827049000398,24.32001663816597,-0.32878112794542236,0.42595978062157197,0.019010585439619865,0.017584968551825897,0.001,0,0.016584968551825896
stress,BTCUSDT,-1,1761516299999,1761516300000,1761519900000,114749.4,114751.5,114669.07542,114831.82604999999,0.010725772062425478,4.623936496593113,29.447273633408606,0.37222541525047936,0.37409165778509745,-0.000018300749285105056,-0.0014193070747616776,0.001,0,-0.0024193070747616776
stress,BNBUSDT,1,1761572699999,1761572700000,1761576300000,1150.27,1140.01,1151.075189,1139.211993,-0.019006527121518794,-4.4290578782792105,20.400689916325177,-0.30629049645468265,0.5101847465656103,-0.008919644952924077,-0.01030618687064766,0.001,0,-0.011306186870647661
stress,LTCUSDT,-1,1761578099999,1761578100000,1761581700000,100.6,101.96,100.52958,102.03137199999999,0.015327121986155245,4.158788650885671,18.48679073839604,0.30287166301077106,0.33774834437085693,-0.013518886679920517,-0.014938807065542292,0.001,0.0001,-0.015838807065542294
stress,BTCUSDT,1,1761798599999,1761798600000,1761802200000,108329,109097.5,108404.83029999999,109021.13175,-0.014892855174479063,-6.463046380742293,13.6467745374898,-0.27483158207156944,0.3192910191599515,0.007094129919043013,0.005685184399020438,0.001,0,0.004685184399020438
stress,LTCUSDT,-1,1761980399999,1761980400000,1761984000000,97.69,99.04,97.621617,99.109328,0.017971977211142284,5.147948705794119,17.523662734867724,0.2710808693819424,0.2690355329949246,-0.013819224076159431,-0.015239565228672758,0.001,0,-0.01623956522867276
stress,ETHUSDT,1,1762234499999,1762234500000,1762238100000,3525.56,3527.73,3528.0278919999996,3525.260589,-0.02206880488419166,-6.781441753504398,6.792674028242945,-0.26307767610837984,0.27450576606260857,0.000615505054516241,-0.0007843767353071796,0.001,0,-0.0017843767353071796
stress,ETHUSDT,1,1762287599999,1762287600000,1762291200000,3167.76,3186.11,3169.977432,3183.879723,-0.015946624113939892,-4.761816674702487,11.49406003483092,-0.3005478535075792,0.4282051282051307,0.00579273682349668,0.004385611979334625,0.001,0,0.003385611979334625
stress,LTCUSDT,1,1762964099999,1762964100000,1762967700000,97.52,96.06,97.588264,95.992758,-0.024912680812408244,-4.252387649465962,21.173868853066036,-0.26515568930426003,0.3047619047619036,-0.014971287940935163,-0.016349363484937096,0.001,0,-0.017349363484937097
stress,ETHUSDT,1,1763435099999,1763435100000,1763438700000,2959.53,3013.11,2961.601671,3011.000823,-0.02307990011358121,-5.019972382424387,7.49653975236621,-0.2570444751739699,0.3629447303647401,0.018104226008859525,0.01667987713665764,0.001,0,0.01567987713665764
stress,DOGEUSDT,1,1763654999999,1763655000000,1763658600000,0.15412,0.14948,0.15422788399999998,0.149375364,-0.024672040577644775,-5.4327856122326565,15.961477232564816,-0.3200337744271651,0.4018264840182616,-0.03010641058915131,-0.031463311783490266,0.001,0,-0.03246331178349027
stress,BNBUSDT,1,1763710499999,1763710500000,1763714100000,823.95,834.48,824.526765,833.895864,-0.03197846248125331,-9.50005260776791,22.669862354139394,-0.4140392525463641,0.4957862281603292,0.012779901693063866,0.011363001660716243,0.001,-0.00002824,0.010334761660716242
stress,BTCUSDT,1,1763710499999,1763710500000,1763714100000,83342.6,84058.2,83400.93982,83999.35926,-0.024128604749332518,-8.757501466466987,24.757291865131737,-0.3880430749905507,0.535539450950278,0.008586245209532661,0.007175212189353353,0.001,-0.00004524,0.0061299721893533525
stress,DOGEUSDT,1,1763710499999,1763710500000,1763714100000,0.13762,0.14096,0.13771633399999997,0.140861328,-0.055532495869672474,-11.922381823817155,19.30766981671047,-0.28930872561865484,0.3189577717879602,0.02426972823717488,0.0228367536998193,0.001,0.00008081,0.0219175636998193
stress,ETHUSDT,1,1763710499999,1763710500000,1763714100000,2681.51,2731.96,2683.387057,2730.047628,-0.032073083709642125,-7.2632073054909805,16.320547945398495,-0.2930424594978256,0.3291042882517115,0.018814026425409525,0.017388684527742226,0.001,-0.00001947,0.016369214527742225
stress,LTCUSDT,1,1763710499999,1763710500000,1763714100000,82.65,84.59,82.707855,84.530787,-0.04193436858606115,-6.94813041237308,23.41167877910397,-0.3033168992020856,0.430420711974109,0.023472474289171208,0.022040615126580176,0.001,-0.00007522,0.020965395126580175
stress,SOLUSDT,1,1763710499999,1763710500000,1763714100000,124.72,127.8,124.80730399999999,127.71054,-0.03915286657287705,-8.220026261338361,14.70874493592274,-0.32335323858653175,0.44047619047619124,0.024695317511225223,0.023261747565671342,0.001,-0.00005033,0.02221141756567134
stress,BTCUSDT,1,1763727899999,1763727900000,1763731500000,81057.9,83592.7,81114.64052999999,83534.18510999999,-0.011889317464943013,-4.205630628183343,6.041492135051006,-0.32893833544802387,0.2632727272727296,0.031271473847706455,0.029828703723406624,0.001,0,0.028828703723406623
stress,ETHUSDT,1,1763727899999,1763727900000,1763731500000,2632.14,2733.62,2633.982498,2731.7064659999996,-0.01958918024281035,-4.381740793444061,4.433440723397465,-0.26979878593695794,0.2501029230135881,0.038554180248771,0.037101221467569445,0.001,0,0.036101221467569444
stress,ETHUSDT,1,1764547799999,1764547800000,1764551400000,2935.23,2850.04,2937.2846609999997,2848.0449719999997,-0.018520547735363067,-4.475020937729566,31.070695536589167,-0.25250640005150204,0.33403666095212914,-0.029023279266020108,-0.030381695783485374,0.001,0,-0.031381695783485375
stress,LTCUSDT,1,1764603299999,1764603300000,1764606900000,75.06,75.28,75.11254199999999,75.227304,-0.017692566074564372,-4.3011257296614565,8.604519815002147,-0.49246972201848904,0.3511450381679336,0.002930988542499291,0.0015278673433793966,0.001,0.00003995,0.0005678173433793965
stress,ETHUSDT,-1,1764688499999,1764688500000,1764692100000,2954.09,3015.94,2952.022137,3018.0511579999998,0.02065814651204695,5.157424150524967,10.264871434609883,0.26500898864118794,0.30314807617566847,-0.02093707368428177,-0.022367386806625422,0.001,0.00004147,-0.023325916806625425
stress,LTCUSDT,1,1764953099999,1764953100000,1764956700000,80.18,80.18,80.236126,80.123874,-0.015103035284089744,-4.309820690991303,8.199093226628353,-0.3342854332554541,0.3043478260869628,0,-0.0013990206855201137,0.001,0,-0.0023990206855201137
stress,ETHUSDT,1,1765117499999,1765117500000,1765121100000,2968.63,2954.99,2970.708041,2952.9215069999996,-0.01901215711492523,-5.544938297076275,32.3212072733669,-0.3680769967746572,0.3408736349454008,-0.004594712038886728,-0.005987304627220413,0.001,0,-0.006987304627220413
stress,ETHUSDT,-1,1765128299999,1765128300000,1765131900000,3090.86,3140.78,3088.696398,3142.978546,0.02009799324988117,5.715699712323694,10.937416236963351,0.3672568409640111,0.33333333333332954,-0.016150844748710647,-0.017574452456754486,0.001,0,-0.018574452456754487
stress,LTCUSDT,1,1765810799999,1765810800000,1765814400000,79.56,77.79,79.615692,77.735547,-0.013483350337286988,-4.55012914979636,18.80207780517389,-0.3403393844584417,0.4512195121951234,-0.02224736048265452,-0.02361525665066122,0.001,0,-0.02461525665066122
stress,DOGEUSDT,1,1766702999999,1766703000000,1766706600000,0.12397,0.1235,0.12405677899999999,0.12341355,-0.0188579299918906,-5.539779796856026,27.849883004358603,-0.3338228456353013,0.3379790940766532,-0.003791239816084535,-0.0051849564786781155,0.001,0,-0.0061849564786781155
stress,LINKUSDT,1,1767010199999,1767010200000,1767013800000,12.339,12.337,12.347637299999999,12.3283641,-0.014800784986917413,-4.140948741280733,17.284884820948495,-0.27613305420110934,0.31963470319634657,-0.00016208768944003804,-0.0015608816109295987,0.001,0,-0.0025608816109295987
stress,BNBUSDT,-1,1767190499999,1767190500000,1767194100000,876.01,864.94,875.396793,865.5454579999999,0.008218611966140156,4.155888659487621,6.222339362071731,0.3340333828230515,0.379310344827597,0.012636842045182006,0.01125356533034505,0.001,0,0.01025356533034505
stress,BNBUSDT,-1,1767368699999,1767368700000,1767372300000,880.72,885.31,880.103496,885.9297169999999,0.007624967845465544,4.736026972435171,5.698746337498793,0.4512504972889084,0.3026315789473586,-0.005211645017712652,-0.006619927118207913,0.001,0.00005392,-0.0075660071182079135
stress,LTCUSDT,1,1767425099999,1767425100000,1767428700000,81.31,81.63,81.366917,81.572859,-0.010886291842388058,-4.677701277418825,8.138852145546558,-0.3394996734829909,0.5000000000000169,0.003935555282253089,0.0025310286734840926,0.001,-0.00008646,0.0014445686734840925
stress,LTCUSDT,1,1767452099999,1767452100000,1767455700000,80.92,81.31,80.976644,81.253083,-0.012161565039275521,-5.184003794643607,5.640905937962677,-0.2946582671626282,0.2807017543859623,0.0048195748887791545,0.0034138115182942297,0.001,0,0.0024138115182942297
stress,DOGEUSDT,-1,1767486899999,1767486900000,1767490500000,0.14647,0.14597,0.14636747099999997,0.14607217899999997,0.013955473454010948,4.3861279999952005,5.505718381004625,0.3789941490105424,0.26315789473684487,0.0034136683279852864,0.0020174701249022764,0.001,0,0.0010174701249022764
stress,DOGEUSDT,1,1767553799999,1767553800000,1767557400000,0.14852,0.14996,0.148623964,0.149855028,-0.019468579431804963,-5.939303450047846,12.459212118773506,-0.2836797046841548,0.25222551928783193,0.009695663883652061,0.008283078763798857,0.001,0,0.007283078763798857
stress,ETHUSDT,-1,1767708899999,1767708900000,1767712500000,3273.96,3279.65,3271.668228,3281.9457549999997,0.011569559458377548,5.503181909821051,14.556358771127456,0.33497870244880557,0.2899294419499683,-0.0017379564808366332,-0.0031413720107806853,0.001,0,-0.004141372010780685
stress,DOGEUSDT,1,1767715799999,1767715800000,1767719400000,0.14749,0.1457,0.14759324299999999,0.14559801,-0.016474837203504872,-4.694258845830053,29.909268574561445,-0.39357119290365883,0.6618985695708726,-0.012136416028205366,-0.013518457616653823,0.001,0,-0.014518457616653824
stress,BNBUSDT,1,1767722399999,1767722400000,1767726000000,894.21,901.35,894.8359469999999,900.719055,-0.013595224557831685,-8.255730793239708,12.639656448544907,-0.40528789269435717,0.29729729729731,0.007984701580165732,0.006574510131967415,0.001,0,0.005574510131967415
stress,LINKUSDT,1,1767722399999,1767722400000,1767726000000,13.511,13.649,13.520457699999998,13.639445699999998,-0.015932204409968866,-5.532854335481973,4.802885550548101,-0.2943156523182886,0.3795620437956212,0.010213899785360026,0.008800589642760315,0.001,0,0.007800589642760315
stress,DOGEUSDT,1,1767853199999,1767853200000,1767856800000,0.14328,0.14327,0.143380296,0.143169711,-0.015030585997883174,-4.005695013227178,6.901482831631212,-0.312505923340174,0.35955056179775297,-0.00006979341150181728,-0.0014687164545955644,0.001,0,-0.0024687164545955645
stress,DOGEUSDT,1,1768146599999,1768146600000,1768150200000,0.1376,0.13888,0.13769631999999998,0.138782784,-0.017433088090495163,-4.494204971086425,46.079656317710686,-0.27352743270460433,0.36666666666667247,0.009302325581395321,0.007890290749963391,0.001,-9.3e-7,0.0068893607499633915
stress,XRPUSDT,1,1768162799999,1768162800000,1768166400000,2.0496,2.0613,2.0510347199999996,2.05985709,-0.012798313143309509,-4.005142089141984,17.31340782271842,-0.2775933492613821,0.32307692307691677,0.00570843091334905,0.004301424014899302,0.001,0,0.003301424014899302
stress,LTCUSDT,1,1768336799999,1768336800000,1768340400000,76.47,76.84,76.523529,76.786212,-0.010536682848128847,-4.095137394439749,3.0258644239651775,-0.3060898468493062,0.2765957446808421,0.00483849875768283,0.003432708912313842,0.001,0,0.002432708912313842
stress,BTCUSDT,-1,1768342499999,1768342500000,1768346100000,95575.9,95695.3,95508.99686999999,95762.28671,0.016201518843053875,9.38266889593917,26.237208406349588,0.2587614781324814,0.5778585532220429,-0.001249268905655132,-0.0026519997937448636,0.001,0,-0.0036519997937448636
stress,LTCUSDT,1,1768430699999,1768430700000,1768434300000,76.59,76.59,76.643613,76.536387,-0.0119419903101529,-4.278453222589628,6.852490543381177,-0.42087098907684284,0.3207547169811346,0,-0.0013990206855201137,0.001,0,-0.0023990206855201137
stress,LTCUSDT,1,1768448399999,1768448400000,1768452000000,73.33,74.47,73.38133099999999,74.41787099999999,-0.029431674843830056,-10.263014295051892,4.348868370391439,-0.26109507806521637,0.2826086956521635,0.01554616118914498,0.01412539110254074,0.001,0,0.01312539110254074
stress,LTCUSDT,1,1768577699999,1768577700000,1768581300000,71.32,71.88,71.36992399999998,71.82968399999999,-0.013092109004942865,-4.186999047395184,11.32098157185792,-0.2935583023871968,0.42608695652173784,0.007851934941110583,0.006441929236186361,0.001,0.0000273,0.005469229236186361
stress,BNBUSDT,-1,1768665299999,1768665300000,1768668900000,955.41,951.16,954.7412129999999,951.8258119999999,0.008672534212953343,4.7264598816952565,42.756868669392865,0.33689629822449896,0.4213576158940409,0.004448352016411805,0.0030536033851928934,0.001,0,0.0020536033851928934
stress,LTCUSDT,1,1768778999999,1768779000000,1768782600000,73.13,69.25,73.18119099999998,69.201525,-0.019365491094476,-6.06825651716453,32.966312234421466,-0.3860764639588362,0.4112149532710258,-0.05305620128538213,-0.054380995247808706,0.001,0.00001732,-0.055363675247808705
stress,ETHUSDT,1,1768781099999,1768781100000,1768784700000,3257.4,3213.01,3259.68018,3210.760893,-0.011006316408103857,-4.399235763846547,54.532051259402095,-0.3227424206195668,0.623412640490442,-0.013627432921962224,-0.015007388546933953,0.001,0,-0.016007388546933954
stress,ETHUSDT,1,1768948499999,1768948500000,1768952100000,2934.68,2946.67,2936.7342759999997,2944.607331,-0.020155545877358478,-8.153316789669425,11.106002154284127,-0.3294485794348406,0.32937249666221685,0.004085624327013537,0.0026808877685466914,0.001,0,0.0016808877685466914
stress,ETHUSDT,-1,1769008799999,1769008800000,1769012400000,3017.77,2976.63,3015.657561,2978.713641,0.014536328284186377,5.69237525296885,8.658147535148753,0.25279364635724333,0.265619993591796,0.013632583000029785,0.012250701299039268,0.001,0.00001113,0.011261831299039267
stress,DOGEUSDT,-1,1769024399999,1769024400000,1769028000000,0.12674,0.12689,0.12665128199999998,0.126978823,0.025170119461139492,7.127849672048127,6.1762580271121434,0.2626800794511901,0.49090909090908175,-0.0011835253274421476,-0.0025861641100484167,0.001,0,-0.0035861641100484168
stress,SOLUSDT,1,1769357099999,1769357100000,1769360700000,123.8,122.4,123.88665999999999,122.31432,-0.015310306676243909,-5.234287980386223,68.1835405723185,-0.26968374743292844,0.5128205128205112,-0.011308562197091976,-0.012691761970174964,0.001,0,-0.013691761970174965
stress,DOGEUSDT,1,1769699099999,1769699100000,1769702700000,0.11774,0.11556,0.11782241799999998,0.115479108,-0.015676680087486385,-4.956508420151357,20.653295922691914,-0.27828659245359477,0.3827160493827194,-0.018515372855444245,-0.01988849015133931,0.001,0.0000892,-0.02079929015133931
stress,BNBUSDT,1,1769701499999,1769701500000,1769705100000,858.64,861.16,859.2410479999999,860.5571879999999,-0.011440871452302225,-5.794632196306871,9.999266574331681,-0.4289803240970719,0.2620578778135029,0.00293487375384327,0.0015317471192322074,0.001,-0.0000228,0.0005089471192322074
stress,LINKUSDT,1,1769701499999,1769701500000,1769705100000,10.894,11.009,10.9016258,11.0012937,-0.013854929493554958,-4.376937310153885,9.965389487595681,-0.34232050916476375,0.36111111111110655,0.010556269506150295,0.009142480381229001,0.001,0.0000941,0.008236580381229
stress,BNBUSDT,1,1769737199999,1769737200000,1769740800000,853.95,843.6,854.547765,843.0094799999999,-0.009022827961597884,-4.4880315065222325,4.809282671569012,-0.3132238470855431,0.3182795698924786,-0.012120147549622318,-0.013502211898009153,0.001,0,-0.014502211898009154
stress,BTCUSDT,1,1769737199999,1769737200000,1769740800000,82851.5,81836.7,82909.49604999999,81779.41431,-0.011330651425233075,-5.620924105010231,9.687985541300801,-0.3478797903185842,0.40242424242424635,-0.012248420366559487,-0.013630305258621744,0.001,0,-0.014630305258621745
stress,BNBUSDT,1,1769797499999,1769797500000,1769801100000,834.23,855.49,834.813961,854.891157,-0.013986408460256491,-6.449367453818232,5.062385278543608,-0.2780475841124531,0.33283803863298705,0.02548457859343345,0.02404990445529953,0.001,0,0.02304990445529953
stress,BTCUSDT,1,1769797499999,1769797500000,1769801100000,81983.6,84382.8,82040.98852,84323.73204,-0.010681469460497995,-4.939326876337777,3.2329696258028195,-0.25047804748798197,0.3821158690176249,0.02926438946325849,0.02782442729153023,0.001,0,0.02682442729153023
stress,BTCUSDT,1,1769879699999,1769879700000,1769883300000,78816,78595.9,78871.1712,78540.88286999999,-0.018901127667339212,-8.163714203645824,21.322366521939156,-0.2576862990997544,0.5294928154320613,-0.002792580186764204,-0.004187693994837094,0.001,0,-0.005187693994837094
stress,BTCUSDT,1,1769885099999,1769885100000,1769888700000,77518.8,77482.6,77573.06315999999,77428.36218,-0.011302164258809266,-4.7839933145465166,19.90767323561328,-0.36708746481681587,0.9585635359116024,-0.0004669834930365324,-0.0018653508589900891,0.001,0,-0.002865350858990089
stress,SOLUSDT,1,1769885099999,1769885100000,1769888700000,100.2,101.8,100.27014,101.72873999999999,-0.031533480546119215,-8.973223925372086,18.288424927202854,-0.30271587805022704,0.7025411061285507,0.015968063872255467,0.014546703535070371,0.001,0,0.01354670353507037
stress,BNBUSDT,1,1769956799999,1769956800000,1769960400000,747.63,749.1,748.153341,748.57563,-0.015738952205002814,-6.26296469472619,5.01097151275317,-0.26975125490949947,0.2839999999999994,0.0019662132338189586,0.000564441775312563,0.001,0,-0.000435558224687437
stress,DOGEUSDT,-1,1770134399999,1770134400000,1770138000000,0.11012,0.10638,0.11004291599999999,0.106454466,0.02092203311040952,4.769842515634338,3.7242326289193857,0.31420152514825683,0.30894308943089993,0.03396294950962575,0.032609550259464215,0.001,0,0.031609550259464214
stress,BTCUSDT,1,1770260399999,1770260400000,1770264000000,71429.1,71199,71479.10037,71149.1607,-0.015518250948368008,-4.956486828877515,3.802420717129546,-0.2920865554205734,0.3091823430806515,-0.0032213761618165027,-0.0046158900754503795,0.001,0,-0.00561589007545038
stress,BTCUSDT,1,1770336299999,1770336300000,1770339900000,62247.7,64219.3,62291.273389999995,64174.34649,-0.01762285707921199,-4.881807065653665,3.623484579226094,-0.25578749384138544,0.3303617349562849,0.031673459420990646,0.030230126910558708,0.001,0,0.029230126910558707
stress,DOGEUSDT,1,1771808999999,1771809000000,1771812600000,0.09224,0.09284,0.09230456799999999,0.092775012,-0.029377746941287534,-6.987925802401363,15.309758182835415,-0.2992468285078411,0.2758620689655191,0.0065047701647875655,0.005096649171252521,0.001,0,0.004096649171252521
stress,XRPUSDT,-1,1771839299999,1771839300000,1771842900000,1.3896,1.3937,1.38862728,1.3946755899999999,0.017202383918049107,4.427387172020965,6.870368766795241,0.27452444512836327,0.25000000000000544,-0.002950489349452967,-0.004355603614527803,0.001,0,-0.005355603614527803
stress,LTCUSDT,1,1772259599999,1772259600000,1772263200000,53.7,52.46,53.73759,52.423277999999996,-0.015157406641711405,-4.470670782691365,23.184790421406706,-0.25483379608665946,0.4388489208633088,-0.023091247672253346,-0.024457963224625456,0.001,0,-0.025457963224625457
stress,BTCUSDT,1,1772260199999,1772260200000,1772263800000,64527.8,63472.1,64572.96946,63427.66953,-0.014382848500068011,-5.348362689362831,5.7566655470397805,-0.2541087765959553,0.29195662728597027,-0.016360390405375735,-0.017736522566295543,0.001,0,-0.018736522566295544
stress,LTCUSDT,-1,1772286899999,1772286900000,1772290500000,52.8,52.32,52.76304,52.356624,0.016999740873078102,4.830359896896324,4.447629040303314,0.2691250193007493,0.2765957446808572,0.009090909090909038,0.007702664592487474,0.001,0,0.006702664592487474
stress,ETHUSDT,-1,1772330099999,1772330100000,1772333700000,2005.12,2035.56,2003.7164159999998,2036.9848919999997,0.01824921429479486,4.966565086902684,9.90636627115169,0.3102840054630869,0.5185810810810834,-0.015181136291094743,-0.0166033854563179,0.001,0,-0.0176033854563179
stress,BNBUSDT,-1,1772464199999,1772464200000,1772467800000,642.52,652.22,642.0702359999999,652.676554,0.014911724881863285,5.263241681767934,11.689497062603937,0.2585087647150486,0.3203252032520381,-0.015096806325094914,-0.016518937345664675,0.001,0,-0.017518937345664676
stress,BTCUSDT,-1,1772614799999,1772614800000,1772618400000,70993.7,71487.1,70944.00441,71537.14097,0.016040645598565495,5.1225079012708505,5.808152421387313,0.3270998963967593,0.3682613352374223,-0.006949912457020924,-0.008360629836626332,0.001,0,-0.009360629836626333
stress,DOGEUSDT,1,1772664299999,1772664300000,1772667900000,0.09988,0.0994,0.09994991599999999,0.09933042,-0.021885311769351608,-4.937925325628128,10.147189212953963,-0.33221168950835345,0.5214723926380349,-0.004805766920304322,-0.006198064238493006,0.001,0,-0.007198064238493006
stress,BTCUSDT,-1,1773110699999,1773110700000,1773114300000,70290.1,69814.5,70240.89693,69863.37014999999,0.01370996089579384,4.208187444700092,4.561634366887035,0.2726195380579235,0.27426438296004907,0.006766244464014193,0.005374743155347916,0.001,0,0.004374743155347916
stress,BNBUSDT,-1,1773614699999,1773614700000,1773618300000,673.85,674.15,673.378305,674.621905,0.010052584355717918,4.0830973726610535,8.868467184710779,0.35012876250568836,0.4289855072463764,-0.00044520293833927305,-0.001846807345538215,0.001,0,-0.002846807345538215
stress,LINKUSDT,-1,1773614699999,1773614700000,1773618300000,9.419,9.471,9.4124067,9.4776297,0.0160534269469845,4.201482658396082,6.886347965225394,0.2786412158084284,0.3970588235294029,-0.005520755918887232,-0.0069294710777849655,0.001,0,-0.007929471077784966
stress,XRPUSDT,-1,1773614699999,1773614700000,1773618300000,1.4512,1.4469,1.45018416,1.44791283,0.015624775354082516,4.824794621518428,19.1988087387692,0.2934650438164641,0.5,0.0029630650496140776,0.001566235560040985,0.001,0,0.0005662355600409849
stress,LINKUSDT,1,1774137299999,1774137300000,1774140900000,8.875,8.833,8.8812125,8.8268169,-0.020738841174598923,-5.998859446849016,39.49275690516733,-0.3192885630371911,0.2875816993463992,-0.004732394366197212,-0.006124794334106953,0.001,0.00004838,-0.0070764143341069535
stress,XRPUSDT,1,1774137299999,1774137300000,1774140900000,1.412,1.409,1.4129884,1.4080137,-0.016504922198245984,-5.34061169920878,47.48963971413658,-0.2541801608941602,0.28378378378378255,-0.0021246458923511735,-0.00352069415431866,0.001,0.00009004,-0.004430654154318659
stress,BNBUSDT,1,1774607999999,1774608000000,1774611600000,611.27,610.97,611.6978889999999,610.542321,-0.012598822250139067,-5.432826567777735,30.26412302676794,-0.41183521799266354,0.2595785440613048,-0.0004907814877221917,-0.0018891155597888787,0.001,0,-0.0028891155597888787
stress,LINKUSDT,1,1774824599999,1774824600000,1774828200000,8.219,8.406,8.224753299999998,8.4001158,-0.024277120671647494,-6.978566390824565,19.75390807747348,-0.251272761302044,0.26666666666667366,0.022752159630125446,0.021321308202642664,0.001,0,0.020321308202642663
stress,BNBUSDT,1,1774951199999,1774951200000,1774954800000,600.44,602.7,600.860308,602.27811,-0.009596732224824081,-4.292344653723048,20.535584208912347,-0.30342653281334275,0.3092436974790005,0.003763906468589706,0.002359620000061513,0.001,0,0.001359620000061513
stress,SOLUSDT,-1,1775315399999,1775315400000,1775319000000,81.16,80.91,81.10318799999999,80.96663699999999,0.016901110640410603,4.773818457824408,36.498174720679486,0.27288212133092116,0.4899999999999949,0.0030803351404632417,0.001683669944022359,0.001,-0.00003973,0.000643939944022359
stress,BNBUSDT,1,1775558399999,1775558400000,1775562000000,598.62,598.17,599.039034,597.751281,-0.008334282648037462,-4.302742461035516,12.74339591140783,-0.3081836572313281,0.25185185185185016,-0.0007517289766463264,-0.0021496979777783087,0.001,0,-0.0031496979777783088
stress,BTCUSDT,-1,1775596499999,1775596500000,1775600100000,69949.9,70261.9,69900.93506999999,70311.08333,0.00954650903505199,4.3032249825473965,7.753919069361065,0.2665684304346101,0.7345080763583137,-0.004460335182752129,-0.00586756471267913,0.001,0,-0.00686756471267913
stress,ETHUSDT,-1,1775596499999,1775596500000,1775600100000,2141.08,2158.36,2139.581244,2159.870852,0.012468292125301707,4.399981357097825,6.8161486320394955,0.2888441610356387,0.7370068879148274,-0.008070693294972786,-0.009482980866885926,0.001,0,-0.010482980866885927
stress,SOLUSDT,-1,1775754299999,1775754300000,1775757900000,84.04,84.2,83.981172,84.25894,0.012812244949902594,4.070408543762384,6.531747308678446,0.3690433014685377,0.33846153846154114,-0.0019038553069965491,-0.003307503257992117,0.001,0,-0.004307503257992117
stress,SOLUSDT,-1,1775773199999,1775773200000,1775776800000,85.39,83.65,85.330227,83.708555,0.012611399395231558,4.017819536063683,10.031048082803942,0.3330870757304265,0.4263565891472936,0.02037709333645621,0.019004660564186593,0.001,0,0.018004660564186592
stress,ETHUSDT,-1,1775933399999,1775933400000,1775937000000,2304.44,2315,2302.826892,2316.6205,0.013495151300899563,4.690910104625046,6.00998100712643,0.25151054229153025,0.3222297756628297,-0.004582458211105589,-0.005989858833036488,0.001,0,-0.006989858833036488
stress,BNBUSDT,1,1775957999999,1775958000000,1775961600000,601.07,597.29,601.490749,596.871897,-0.009487847175812743,-4.996169581879639,18.432392769472195,-0.2882467835719217,0.4423076923077077,-0.006288785000083341,-0.007679007545301486,0.001,0,-0.008679007545301487
stress,DOGEUSDT,1,1775957999999,1775958000000,1775961600000,0.09185,0.09132,0.091914295,0.09125607599999999,-0.013089050517003372,-4.980361388300921,20.415597240799716,-0.27069992509665897,0.469565217391304,-0.0057702776265651234,-0.007161225574324415,0.001,0,-0.008161225574324416
stress,LTCUSDT,1,1775957999999,1775958000000,1775961600000,54.42,54.05,54.458093999999996,54.012164999999996,-0.007869013063348532,-4.062121763543794,13.660213389755393,-0.25693423739202836,0.523809523809519,-0.006798970966556461,-0.008188479751054079,0.001,0,-0.00918847975105408
stress,SOLUSDT,1,1775957999999,1775958000000,1775961600000,83.58,82.57,83.63850599999999,82.51220099999999,-0.013429401423690144,-4.38034024662887,17.280372184165614,-0.32000151409337985,0.4318181818181789,-0.012084230677195551,-0.013466345274029679,0.001,0,-0.01446634527402968
stress,BNBUSDT,-1,1776118799999,1776118800000,1776122400000,614.72,616.5,614.289696,616.9315499999999,0.009135169954418054,4.839428975114457,10.02024387539888,0.2613280640147384,0.25,-0.0028956272774596226,-0.004300664681830879,0.001,0,-0.005300664681830879
stress,SOLUSDT,-1,1776119099999,1776119100000,1776122700000,85.66,86.26,85.600038,86.320382,0.017307784727671634,5.7443723390433385,4.46522312200381,0.2966750017953885,0.4693877551020402,-0.007004436142890702,-0.008415229909126909,0.001,0,-0.00941522990912691
stress,DOGEUSDT,1,1776349499999,1776349500000,1776353100000,0.09465,0.09626,0.09471625499999999,0.096192618,-0.013225762219261137,-5.107587035351511,5.71128429159396,-0.34565429556907445,0.42105263157895023,0.017010036978341248,0.015587218899226984,0.001,0,0.014587218899226984
stress,LTCUSDT,-1,1776354599999,1776354600000,1776358200000,55.77,55.42,55.730961,55.458794,0.00774150954224997,4.133773686075211,4.205894840915881,0.29300925676128053,0.8,0.0062757755065447896,0.004883587060341643,0.001,0.0001,0.003983587060341643
stress,BTCUSDT,-1,1776824399999,1776824400000,1776828000000,76981.6,77383.8,76927.71288,77437.96866,0.00941787782956688,4.39263071035593,7.78294334778971,0.2976690603384904,0.35320788936747094,-0.005224625105219927,-0.006632925390566813,0.001,0,-0.007632925390566813
stress,BNBUSDT,-1,1776865499999,1776865500000,1776869100000,651.07,649.14,650.6142510000001,649.594398,0.009242680577890456,5.141967760232115,32.18084945619385,0.41201822155529944,0.4057507987220395,0.002964350991444986,0.0015675233034514457,0.001,0,0.0005675233034514457
stress,ETHUSDT,-1,1777846499999,1777846500000,1777850100000,2346.99,2337.79,2345.3471069999996,2339.4264529999996,0.010175197313288895,4.606015573340162,15.71819186778241,0.4912768456459524,0.29140786749483405,0.003919914443606398,0.002524425481554071,0.001,0,0.0015244254815540712
stress,SOLUSDT,-1,1777860299999,1777860300000,1777863900000,84.93,85.29,84.870549,85.349703,0.008513708750017336,4.156883029187221,19.50298880291235,0.2831872521728336,0.6666666666666587,-0.004238784881667179,-0.005645704023901299,0.001,0,-0.006645704023901299
stress,DOGEUSDT,-1,1778018099999,1778018100000,1778021700000,0.11545,0.11547,0.115369185,0.115550829,0.013693467643101757,4.438051137536889,7.33922328585582,0.4130152112519079,0.28025477707006075,-0.00017323516673894979,-0.0015744585523420618,0.001,0,-0.002574458552342062
stress,ETHUSDT,1,1778164799999,1778164800000,1778168400000,2291.74,2293.81,2293.3442179999997,2292.2043329999997,-0.008524704468388595,-4.033505902773264,7.826731176916297,-0.3173218252251385,0.38712306438467864,0.000903243823470401,-0.0004970405188429172,0.001,0,-0.0014970405188429172
stress,LINKUSDT,1,1778164799999,1778164800000,1778168400000,9.828,9.873,9.834879599999999,9.8660889,-0.010929070532190317,-4.703232703874394,13.162914602232794,-0.35434485227732304,0.4303797468354356,0.0045787545787545625,0.0031733281208647934,0.001,0,0.0021733281208647934
stress,DOGEUSDT,1,1778167799999,1778167800000,1778171400000,0.10761,0.10821,0.10768532699999998,0.108134253,-0.01567574745480874,-4.9245191891501,28.5627887091279,-0.3322338806459558,0.551020408163267,0.005575689991636601,0.004168868800482173,0.001,-0.00001665,0.0031522188004821728
stress,SOLUSDT,-1,1778433899999,1778433900000,1778437500000,95.75,96.64,95.682975,96.70764799999999,0.008811553918354581,4.046698504179061,9.791470471751998,0.36247804072668743,0.26530612244897306,-0.009295039164490815,-0.010709042021320947,0.001,0,-0.011709042021320948
stress,DOGEUSDT,1,1778445899999,1778445900000,1778449500000,0.10882,0.10849,0.108896174,0.108414057,-0.012964666207569213,-4.024520926558862,5.089434368272,-0.4041502683574816,0.28409090909090745,-0.0030325307847821614,-0.0044273088970050445,0.001,0,-0.0054273088970050445
stress,BNBUSDT,-1,1778452199999,1778452200000,1778455800000,665.47,665.22,665.004171,665.685654,0.01463769352048076,9.16467659376286,13.771329431913243,0.30279179184151084,0.3407258064516063,0.0003756743354320635,-0.0010247800385601025,0.001,0,-0.0020247800385601025
stress,BNBUSDT,-1,1778540099999,1778540100000,1778543700000,670.25,670.62,669.7808249999999,671.089434,0.008691146338551819,5.341858188065938,25.076773849989223,0.40469682858998857,0.25547445255474366,-0.0005520328235733007,-0.001953786897378018,0.001,0,-0.002953786897378018
stress,BNBUSDT,-1,1778634899999,1778634900000,1778638500000,674.88,679.24,674.4075839999999,679.715468,0.010336702105017904,6.076523076427967,18.24181348264647,0.30823224911887004,0.33956834532374075,-0.0064604077761971634,-0.007870439369199067,0.001,0,-0.008870439369199068
stress,LINKUSDT,1,1778675699999,1778675700000,1778679300000,10.357,10.303,10.364249899999999,10.2957879,-0.011710634886062863,-4.323708027187967,8.728422590600026,-0.29428147003493765,0.4751773049645402,-0.005213865018827701,-0.006605591399335031,0.001,0,-0.007605591399335031
stress,LINKUSDT,1,1778680199999,1778680200000,1778683800000,10.186,10.187,10.193130199999999,10.1798691,-0.011420886500518174,-4.179790920184765,11.963167156322966,-0.35393170370802896,0.35766423357664207,0.00009817396426470282,-0.001300984068662192,0.001,0,-0.002300984068662192
stress,XRPUSDT,1,1778779799999,1778779800000,1778783400000,1.4735,1.5338,1.47453145,1.53272634,-0.011739441256603873,-5.594263935567729,5.185668794243099,-0.26775199911406233,0.43076923076924023,0.04092297251442156,0.03946669974384065,0.001,0,0.03846669974384065
stress,ETHUSDT,1,1778915699999,1778915700000,1778919300000,2190.68,2193.11,2192.2134759999994,2191.574823,-0.010764972619406022,-5.405365685465259,23.13051290627657,-0.2758564859569751,0.35967302452315736,0.0011092446181095728,-0.00029132792357655646,0.001,-0.00004496,-0.0013362879235765564
stress,BNBUSDT,1,1778923199999,1778923200000,1778926800000,653.68,652.98,654.1375759999999,652.522914,-0.012708235176461604,-6.662098649723453,10.805369868931791,-0.2743081613133732,0.2697495183044244,-0.0010708603598089672,-0.0024683828895343263,0.001,0,-0.0034683828895343263
stress,ETHUSDT,1,1778923199999,1778923200000,1778926800000,2168.02,2169.02,2169.537614,2167.501686,-0.011000110918679702,-5.473216172601864,15.921906453230202,-0.26434496481233194,0.29450980392157716,0.000461250357469023,-0.0009384156268422705,0.001,0,-0.0019384156268422706
stress,LINKUSDT,1,1778923199999,1778923200000,1778926800000,9.685,9.651,9.691779499999999,9.644244299999999,-0.012417420572497536,-4.264948989923748,13.027083397525214,-0.30907601019591335,0.3282442748091541,-0.0035105833763552363,-0.004904692683113554,0.001,0,-0.005904692683113554
stress,BNBUSDT,1,1779061499999,1779061500000,1779065100000,645.34,645.42,645.791738,644.9682059999999,-0.009730448332152251,-4.979061415751628,41.96018558868752,-0.32232480136074104,0.4630755864465721,0.00012396566151173793,-0.001275228454533317,0.001,0,-0.002275228454533317
stress,BTCUSDT,1,1779061499999,1779061500000,1779065100000,77216,76982.3,77270.05119999999,76928.41239,-0.0074807557086696026,-4.491384958116596,66.61620544206001,-0.3136108255320046,0.5299161768956576,-0.0030265748031496065,-0.004421361247913702,0.001,0.00001131,-0.0054100512479137025
stress,DOGEUSDT,1,1779061499999,1779061500000,1779065100000,0.10743,0.1067,0.107505201,0.10662531,-0.01615991581486492,-5.108825664638708,52.33892678296676,-0.286633211783364,0.5849514563106787,-0.006795122405287124,-0.008184636574001591,0.001,0.0000478,-0.009136836574001592
stress,XRPUSDT,1,1779061499999,1779061500000,1779065100000,1.3889,1.3906,1.38987223,1.38962658,-0.011525235845672816,-4.889231671796475,58.67190044546404,-0.29984032827159646,0.6509009009008992,0.001223990208078396,-0.00017674286506164094,0.001,0.00006795,-0.001108792865061641
stress,DOGEUSDT,-1,1779104699999,1779104700000,1779108300000,0.10557,0.1062,0.105496101,0.10627434,0.014504071054672552,4.673639807835663,11.80450690489564,0.36915179005089227,0.48514851485148397,-0.0059676044330776445,-0.007376945618113417,0.001,0,-0.008376945618113418
stress,DOGEUSDT,1,1779111599999,1779111600000,1779115200000,0.10482,0.10462,0.10489337399999998,0.104546766,-0.013457367609836167,-4.310673257291663,6.305938173449684,-0.30031072470688436,0.5859872611464987,-0.001908032818164429,-0.0033043841263031837,0.001,0,-0.004304384126303184
stress,BTCUSDT,1,1779200399999,1779200400000,1779204000000,76443.4,76522.5,76496.91037999999,76468.93424999999,-0.006826160849040503,-4.386963240737975,5.294412481615389,-0.30768566317825996,0.3790350572717629,0.0010347525097000876,-0.0003657158159855456,0.001,0,-0.0013657158159855456
stress,BNBUSDT,1,1779475799999,1779475800000,1779479400000,652.14,651.18,652.5964979999999,650.724174,-0.007835630165087225,-4.233253256601263,18.21505234768637,-0.28021482478278337,0.513719512195118,-0.0014720765479805387,-0.002869037767959215,0.001,0,-0.003869037767959215
stress,BTCUSDT,1,1779478499999,1779478500000,1779482100000,75824.8,75909.3,75877.87736,75856.16349,-0.0065672701838896475,-4.279033303691372,22.666810696176185,-0.26247647297440835,0.27935429056923394,0.0011144111161520698,-0.00028616865357178334,0.001,0,-0.0012861686535717834
stress,LTCUSDT,1,1779493799999,1779493800000,1779497400000,52.46,52.57,52.496722,52.533201,-0.013819434315498588,-6.258497532946765,33.25960579047433,-0.3549589397503997,0.26732673267326906,0.0020968356843309444,0.0006948814823142246,0.001,-0.00003622,-0.0003413385176857754
stress,SOLUSDT,1,1779522599999,1779522600000,1779526200000,82.4,82,82.45768,81.9426,-0.018633706177140046,-7.288940967071633,36.90820551317604,-0.2566028818073327,0.35426008968609674,-0.004854368932038944,-0.00624659825500784,0.001,0.0001267,-0.007119898255007841
stress,LTCUSDT,1,1779658799999,1779658800000,1779662400000,52.12,52.52,52.15648399999999,52.483236,-0.008977235344608559,-4.036351079874912,9.038616974870413,-0.33490087496749754,0.25,0.007674597083653145,0.0062648394780600025,0.001,0,0.0052648394780600025
stress,BNBUSDT,1,1779918299999,1779918300000,1779921900000,649.39,649.81,649.844573,649.3551329999999,-0.007807566484949395,-4.4074516143457565,11.968997995207296,-0.4195319281746175,0.4061930783242285,0.0006467608062949992,-0.0007531647109716433,0.001,0,-0.0017531647109716433
stress,ETHUSDT,1,1779918299999,1779918300000,1779921900000,2031.72,2028.86,2033.1422039999998,2027.4397979999999,-0.01155369405157904,-5.150361656729666,14.569630965012129,-0.2665264682909655,0.3344840813195233,-0.0014076742858268876,-0.0028047256059025027,0.001,0,-0.0038047256059025028
stress,LTCUSDT,1,1779918299999,1779918300000,1779921900000,51.86,52,51.896302,51.9636,-0.009977058969047626,-4.675347674449464,9.597685570667755,-0.4184883898402523,0.2702702702702708,0.002699575780948704,0.0012967783330688487,0.001,0,0.0002967783330688487
stress,DOGEUSDT,1,1779918599999,1779918600000,1779922200000,0.1001,0.10054,0.10017006999999999,0.100469622,-0.013299124156976986,-4.483357967623109,13.190763597363159,-0.36260068856655814,0.6095890410958905,0.004395604395604602,0.002990434168609557,0.001,0,0.001990434168609557
stress,BTCUSDT,1,1779938399999,1779938400000,1779942000000,73692.9,72955.8,73744.48502999998,72904.73094,-0.007939317193251813,-4.825069252745986,17.535394797187074,-0.43044504304638076,0.33118140735958684,-0.010002320440639312,-0.011387347672959791,0.001,0,-0.012387347672959792
stress,LTCUSDT,1,1779938399999,1779938400000,1779942000000,51.27,50.64,51.305889,50.604552,-0.009705045118200799,-4.5152220850865366,23.81191187132175,-0.38187088103388933,0.3466666666666735,-0.012287887653598673,-0.01366971733011002,0.001,0,-0.014669717330110021
stress,SOLUSDT,1,1779938399999,1779938400000,1779942000000,81.02,80.26,81.076714,80.203818,-0.0126312305414062,-4.8580493499215915,16.91831190627745,-0.2869210162270769,0.31617647058824044,-0.009380399901258829,-0.010766297213278708,0.001,0,-0.01176629721327871
stress,SOLUSDT,-1,1780068899999,1780068900000,1780072500000,83.06,82.91,83.001858,82.968037,0.011623814130282626,4.489950294705383,8.242205315525561,0.2796303024577891,0.25000000000001665,0.0018059234288466675,0.0004074728062112287,0.001,0.00006335,-0.0005291771937887713
stress,BTCUSDT,1,1780080899999,1780080900000,1780084500000,73300,73558.2,73351.31,73506.70925999999,-0.0067872825466655014,-4.129726858416501,8.626668832926036,-0.33129596535546946,0.4822779769016298,0.0035225102319236257,0.0021185614817238463,0.001,0,0.0011185614817238463
stress,BNBUSDT,1,1780244699999,1780244700000,1780248300000,713.91,713.54,714.409737,713.0405219999999,-0.009549173762053081,-4.459289746421082,5.553578423687761,-0.3383097557671412,0.3716283716283633,-0.0005182726113935887,-0.0019165682228097225,0.001,0,-0.0029165682228097225
stress,BNBUSDT,1,1780322099999,1780322100000,1780325700000,681.94,678.45,682.417358,677.975085,-0.010792783244753839,-4.322813200985599,3.991999877529646,-0.364670621688612,0.3002915451895124,-0.005117752294923283,-0.006509613139119463,0.001,0,-0.007509613139119463
stress,BTCUSDT,1,1780366199999,1780366200000,1780369800000,70226.6,70986.3,70275.75862,70936.60959000001,-0.008171356535780208,-4.906703055438572,7.7299150889385455,-0.3332835087581846,0.3653771760154626,0.01081783825502014,0.009403683190008838,0.001,0,0.008403683190008837
stress,DOGEUSDT,1,1780414199999,1780414200000,1780417800000,0.09503,0.09599,0.09509652099999999,0.095922807,-0.010779236807312347,-4.0331194238253785,8.433380569585568,-0.33973315751281863,0.2822580645161304,0.010102073029569558,0.008688919334914669,0.001,0.00001355,0.007702469334914669
stress,BTCUSDT,1,1780428899999,1780428900000,1780432500000,66559.7,67159.4,66606.29178999999,67112.38841999999,-0.00891450132852151,-5.091990177981972,9.356001800504727,-0.29218158042138553,0.28224084113685516,0.009009956475164449,0.0075983306741598255,0.001,0,0.0065983306741598255
stress,DOGEUSDT,1,1780428899999,1780428900000,1780432500000,0.09298,0.0936,0.09304508599999999,0.09353448,-0.011335807409430113,-4.16130102267393,9.375284864471388,-0.2560819368312016,0.399999999999994,0.006668100666810117,0.0052597511705241295,0.001,0,0.0042597511705241295
stress,BNBUSDT,1,1780440899999,1780440900000,1780444500000,647.18,651.58,647.6330259999999,651.1238940000001,-0.011751377560933661,-4.364581173423067,7.957592390486776,-0.3427335168241896,0.5551601423487518,0.006798726783893372,0.005390194538967608,0.001,0,0.0043901945389676076
stress,DOGEUSDT,1,1780440899999,1780440900000,1780444500000,0.09229,0.09262,0.092354603,0.092555166,-0.01430824259443909,-5.164468347579793,4.891369935695751,-0.25890672942044346,0.4094488188976342,0.0035756853396899935,0.0021716621964147365,0.001,0,0.0011716621964147364
stress,ETHUSDT,1,1780440899999,1780440900000,1780444500000,1872.22,1858.28,1873.530554,1856.979204,-0.00951018647384186,-4.04860179571174,4.629862308736001,-0.37074743943397226,0.39963420210334033,-0.007445706167010346,-0.008834310155584446,0.001,0,-0.009834310155584447
stress,ETHUSDT,-1,1780523099999,1780523100000,1780526700000,1828.87,1830.11,1827.5897909999999,1831.3910769999998,0.015356223597506718,6.01489637992844,4.239505630191648,0.34536791511851117,0.37318712415989347,-0.0006780142929787569,-0.002079944864388894,0.001,0,-0.003079944864388894
stress,LTCUSDT,1,1780535999999,1780536000000,1780539600000,46.28,44.93,46.312396,44.898548999999996,-0.012243735810608402,-5.027531202205367,4.8769181658324605,-0.2920578357625735,0.2820512820512984,-0.029170267934312877,-0.03052847881159082,0.001,0,-0.03152847881159082
stress,BNBUSDT,1,1780638299999,1780638300000,1780641900000,589.91,582.65,590.3229369999999,582.2421449999999,-0.014188932533691015,-4.435288508226633,6.452124407574425,-0.3179863102018534,0.2997811816192537,-0.012306962078961203,-0.013688765069956865,0.001,0,-0.014688765069956866
stress,DOGEUSDT,1,1780638599999,1780638600000,1780642200000,0.0853,0.08366,0.08535970999999999,0.083601438,-0.013969959440200084,-4.128759848436561,4.652779714570174,-0.300168190547931,0.7424242424242558,-0.019226260257913297,-0.020598383007627286,0.001,0,-0.021598383007627286
stress,LINKUSDT,1,1780638599999,1780638600000,1780642200000,7.69,7.486,7.695383,7.4807597999999995,-0.017402952908664285,-4.640911627330713,3.4612921273763475,-0.3038353126945941,0.3968253968254042,-0.026527958387516315,-0.027889865910507683,0.001,0,-0.028889865910507684
stress,ETHUSDT,-1,1781199299999,1781199300000,1781202900000,1671.38,1681.26,1670.210034,1682.436882,0.022832719107906428,5.732244299787862,18.727972892177466,0.2510100062711529,0.3890198720107758,-0.005911282891981395,-0.007320545171626058,0.001,0,-0.00832054517162606
stress,LINKUSDT,1,1781839199999,1781839200000,1781842800000,7.853,7.88,7.858497099999999,7.874484,-0.017922983874917094,-4.216339662000857,20.54496223207098,-0.36027124290473933,0.26865671641791333,0.0034381764930599967,0.0020343457275056043,0.001,0,0.0010343457275056043
stress,BTCUSDT,-1,1782091799999,1782091800000,1782095400000,64618.4,64510.1,64573.16712,64555.25706999999,0.011732416878523246,5.516573838397632,15.050690076614291,0.26339946158731786,0.3623157444990367,0.001675993215554783,0.0002773605631999354,0.001,0,-0.0007226394368000646
stress,BTCUSDT,1,1782203099999,1782203100000,1782206700000,62209,62456.3,62252.546299999995,62412.58059,-0.00946972077000178,-4.562463260814206,6.513051787871922,-0.272053350000121,0.2730460921843707,0.003975309038884989,0.0025707268137882267,0.001,0,0.0015707268137882266
stress,BTCUSDT,-1,1782301799999,1782301800000,1782305400000,63070.5,62727.7,63026.35065,62771.60938999999,0.010170378686273528,4.9988084240612976,9.629941741510171,0.29007891055960133,0.26673058485138745,0.005435187607518599,0.004041821513903754,0.001,0,0.003041821513903754
stress,ETHUSDT,-1,1782301799999,1782301800000,1782305400000,1684.89,1673.25,1683.710577,1674.421275,0.01441901573012135,5.149940547796413,15.068842095190327,0.2715549697726509,0.29288358700123024,0.006908462867012188,0.005517160803581556,0.001,0,0.0045171608035815556
stress,BNBUSDT,1,1782307499999,1782307500000,1782311100000,569.99,570.75,570.3889929999999,570.350475,-0.008803396534331202,-4.3903423986584595,18.443683631018693,-0.38081488412458486,0.2895622895622915,0.001333356725556678,-0.00006752935360365697,0.001,0,-0.001067529353603657
stress,LTCUSDT,1,1782307499999,1782307500000,1782311100000,41.51,41.64,41.53905699999999,41.610852,-0.01077983848786617,-4.232608477797219,7.556566103475545,-0.25779485811459546,0.38000000000000966,0.0031317754757891336,0.001728373371596037,0.001,0,0.000728373371596037
stress,BNBUSDT,1,1782320099999,1782320100000,1782323700000,554.78,549.38,555.1683459999999,548.9954339999999,-0.011576775291569173,-5.785406068342954,23.990806245523054,-0.32360271861858236,0.4155672823218945,-0.009733588088972178,-0.011118991283411539,0.001,0,-0.01211899128341154
stress,LTCUSDT,1,1782320099999,1782320100000,1782323700000,40.24,39.45,40.268167999999996,39.422385,-0.013817145553141955,-5.412873069580872,22.71908099502005,-0.2875273327207334,0.30303030303030565,-0.019632206759443327,-0.021003761581604552,0.001,0,-0.022003761581604553
stress,BNBUSDT,-1,1782396899999,1782396900000,1782400500000,554.18,549.92,553.792074,550.3049439999999,0.021927982841340125,9.955929742636224,8.951008270283442,0.40279892697528363,0.6673151750972683,0.007687033093940587,0.006296821792361129,0.001,0,0.005296821792361129
stress,LTCUSDT,1,1782477899999,1782477900000,1782481500000,40.44,40.78,40.46830799999999,40.751454,-0.01277658657898179,-4.39135093546276,3.7955869188023317,-0.28979766143489993,0.37931034482758536,0.008407517309594548,0.006996734333444499,0.001,0,0.005996734333444499
stress,SOLUSDT,-1,1782735299999,1782735300000,1782738900000,73.93,74.12,73.87824900000001,74.171884,0.019667391647856646,4.932602372803907,7.943129199476893,0.3695575559252713,0.2727272727272701,-0.002569998647369065,-0.003974579852318749,0.001,0,-0.004974579852318749
stress,SOLUSDT,-1,1782753299999,1782753300000,1782756900000,75.26,75.61,75.207318,75.662927,0.016885954691525498,4.169085735777591,7.270757167986948,0.2733676864042385,0.26041666666666835,-0.00465054477810245,-0.006058040787998875,0.001,0,-0.007058040787998875
stress,DOGEUSDT,1,1782821399999,1782821400000,1782825000000,0.07094,0.0703,0.070989658,0.07025079,-0.013582789513005624,-4.239391989980352,8.928353566404446,-0.2567438948268198,0.5555555555555658,-0.009021708486044555,-0.010408107614774065,0.001,0,-0.011408107614774066
extreme,BTCUSDT,1,1705097099999,1705097100000,1705100700000,42529.9,42672.5,42593.69485000001,42608.49125,-0.019378429711600004,-5.310275983611828,10.750384559367081,-0.33851305113648666,0.46628834700528154,0.00335293522909752,0.00034738474913020845,0.001,0,-0.0006526152508697916
extreme,BNBUSDT,-1,1707325799999,1707325800000,1707329400000,306.82,306.59,306.35977,307.049885,0.008214068927933634,4.6900020484207845,35.64378974505889,0.27588621523820533,0.42666666666668285,0.0007496251874063997,-0.0022526293187907775,0.001,0,-0.0032526293187907776
extreme,BNBUSDT,-1,1707835199999,1707835200000,1707838800000,321.87,323.02,321.387195,323.50453,0.007578510908758894,4.3744301300033595,9.75487108230478,0.33918187906681285,0.2988047808764951,-0.0035728710348899018,-0.006588112510207411,0.001,0,-0.007588112510207411
extreme,DOGEUSDT,-1,1707941399999,1707941400000,1707945000000,0.0867,0.08636,0.08656995,0.08648954000000002,0.009734692704675654,4.682790429137192,3.1767510739024294,0.3569981436227203,0.3636363636363789,0.0039215686274508554,0.000928844246762206,0.001,0,-0.00007115575323779402
extreme,BNBUSDT,-1,1707957599999,1707957600000,1707961200000,336.94,334.88,336.43459,335.38232,0.007866079532005044,4.653868671129555,12.225501578952782,0.2624077976103458,0.35836177474403036,0.006113848162877633,0.0031277105008733486,0.001,0,0.0021277105008733485
extreme,DOGEUSDT,1,1708361999999,1708362000000,1708365600000,0.08722,0.08863,0.08735083,0.088497055,-0.014003758191173802,-5.755587104167646,5.981529811443749,-0.315780794818562,0.34615384615385025,0.016166016968585106,0.013122084815908375,0.001,0,0.012122084815908374
extreme,DOGEUSDT,1,1708442999999,1708443000000,1708446600000,0.08387,0.0849,0.083995805,0.08477265,-0.019949903217884733,-7.320210245528106,7.994716901073154,-0.2529172487045941,0.5582655826558264,0.012280910933587741,0.009248616642223872,0.001,-0.00012405,0.008124566642223871
extreme,LINKUSDT,1,1708442999999,1708443000000,1708446600000,18.709,18.999,18.7370635,18.9705015,-0.02460525396948678,-6.889961805097964,12.86641781833156,-0.3307982053196582,0.4825708061002198,0.01550056122721677,0.012458622451698487,0.001,-0.00018125,0.011277372451698485
extreme,SOLUSDT,1,1708442999999,1708443000000,1708446600000,104.947,107.375,105.1044205,107.2139375,-0.020005854803722207,-5.510985484540082,12.05714725028736,-0.3178401690112346,0.5130625686059275,0.0231354874365155,0.020070678188078617,0.001,-0.00031742,0.018753258188078617
extreme,LINKUSDT,1,1709141699999,1709141700000,1709145300000,18.849,18.879,18.8772735,18.850681500000004,-0.06713792490426669,-18.427872543809304,17.160374453222442,-0.2679885007588555,0.5078420767982693,0.0015915963711603531,-0.0014086780063867765,0.001,0,-0.0024086780063867766
extreme,BNBUSDT,1,1709246399999,1709246400000,1709250000000,393,400.82,393.58950000000004,400.21877,-0.0140487946210288,-4.420522429513126,4.574789468917739,-0.2535980264657418,0.34251290877797047,0.01989821882951648,0.016843106841010647,0.001,0,0.015843106841010646
extreme,BNBUSDT,1,1709655299999,1709655300000,1709658900000,408.74,403.97,409.35311,403.36404500000003,-0.018230807949715346,-5.878074535832329,12.755912482960376,-0.26177406201367803,0.5021645021645033,-0.011670010275480647,-0.014630559420936051,0.001,0,-0.015630559420936052
extreme,LINKUSDT,1,1709668799999,1709668800000,1709672400000,17.748,17.97,17.774622,17.943045,-0.07676484893393039,-16.15413622641922,19.536279145235937,-0.28101206701612547,0.6474953617810757,0.012508451656524588,0.009475475765391872,0.001,0,0.008475475765391871
extreme,BNBUSDT,1,1711950599999,1711950600000,1711954200000,579.64,585.25,580.50946,584.372125,-0.01852632755907339,-4.335838412264074,29.19843968665189,-0.2922356234970743,0.27623318385650647,0.009678421088951783,0.006653922573458093,0.001,0,0.005653922573458093
extreme,BTCUSDT,1,1712025599999,1712025600000,1712029200000,66447.1,66887.5,66546.77065,66787.16875,-0.03780152961163211,-11.709715484464967,27.75368150772628,-0.2512966888178766,0.31862745098039214,0.006627828754001142,0.003612468308407557,0.001,0,0.002612468308407557
extreme,ETHUSDT,1,1712261999999,1712262000000,1712265600000,3291.36,3329.36,3296.2970400000004,3324.36596,-0.015552750590595663,-4.7680560706235005,7.6571099791629536,-0.2587977380497446,0.49569583931133,0.011545379417626789,0.008515288415876343,0.001,0,0.007515288415876343
extreme,BTCUSDT,1,1712294399999,1712294400000,1712298000000,66870,66809,66970.30500000001,66708.7865,-0.012995811160308656,-4.621849321993672,7.703922504615118,-0.2842021858661743,0.27849254241146587,-0.0009122177359054406,-0.003904991921419576,0.001,0,-0.004904991921419576
extreme,ETHUSDT,1,1712942999999,1712943000000,1712946600000,3317.94,3306.35,3322.9169100000004,3301.390475,-0.030104042257181666,-9.545964402490638,27.98671804731827,-0.2703769722875712,0.5035417518049295,-0.003493131280252193,-0.006478174321849162,0.001,0,-0.007478174321849162
extreme,LTCUSDT,1,1712942999999,1712943000000,1712946600000,88.65,88.57,88.78297500000001,88.437145,-0.061532655323620206,-12.141659456306245,28.81021458597548,-0.3098646625830622,0.45443925233644855,-0.000902425267907625,-0.0038952287868254665,0.001,0,-0.0048952287868254665
extreme,SOLUSDT,1,1712942999999,1712943000000,1712946600000,162.017,160.423,162.2600255,160.1823655,-0.024216886758801584,-5.713013475570818,19.174010453594196,-0.2783042270211654,0.5402736878572669,-0.009838473740409914,-0.012804509265900599,0.001,0,-0.0138045092659006
extreme,SOLUSDT,1,1712946899999,1712946900000,1712950500000,150.722,152.884,150.94808300000003,152.654674,-0.07278215804984452,-17.001744433590396,30.09000429984596,-0.30192303110385543,0.3315563555801711,0.014344289486604378,0.011305814330878183,0.001,0,0.010305814330878182
extreme,XRPUSDT,1,1712946899999,1712946900000,1712950500000,0.5401,0.5333,0.5409101500000001,0.53250005,-0.05597502437190166,-15.366415958200996,30.742810131873423,-0.30330264284990205,0.4442344045368618,-0.012590261062766173,-0.015548053590786037,0.001,0,-0.016548053590786038
extreme,DOGEUSDT,1,1713038999999,1713039000000,1713042600000,0.13444,0.13943,0.13464166000000002,0.139220855,-0.11833657855150191,-17.47592309973913,16.29668442283415,-0.25395111861557196,0.37834902244750124,0.03711692948527223,0.03401023873294484,0.001,0,0.03301023873294484
extreme,ETHUSDT,1,1713038999999,1713039000000,1713042600000,2866.38,2925.22,2870.6795700000002,2920.83217,-0.07020621073897326,-19.684458451241383,25.23739983095609,-0.3051027148576313,0.2624136211441196,0.020527634158764574,0.017470636752398017,0.001,0,0.016470636752398016
extreme,BTCUSDT,1,1714547399999,1714547400000,1714551000000,58433.1,57146,58520.749650000005,57060.281,-0.02085130897030331,-7.151114152302582,14.308640381887214,-0.26925012063989195,0.4906773098230765,-0.022026899137646327,-0.02495642415271082,0.001,-0.00008946,-0.02604588415271082
extreme,XRPUSDT,1,1715052599999,1715052600000,1715056200000,0.5351,0.5388,0.53590265,0.5379918,-0.015026718144793014,-4.806129593979267,3.7678472786542825,-0.2898303474459486,0.337662337662342,0.0069145954027283185,0.0038983759457058564,0.001,0,0.0028983759457058564
extreme,ETHUSDT,1,1715199599999,1715199600000,1715203200000,2946.87,2955,2951.290305,2950.5675,-0.017045026084106296,-5.54706229428975,14.299650787388986,-0.3165268984096836,0.2829497907949788,0.0027588593999736677,-0.00024491152184358267,0.001,0,-0.0012449115218435827
extreme,DOGEUSDT,1,1715667599999,1715667600000,1715671200000,0.14691,0.15067,0.147130365,0.150443995,-0.022214160627627367,-4.213048917850945,5.6115576334829305,-0.3058750221471177,0.3382899628252872,0.025593901027840094,0.022521727584920992,0.001,0,0.02152172758492099
extreme,BTCUSDT,-1,1716247499999,1716247500000,1716251100000,70868.1,71527.8,70761.79785,71635.0917,0.01601768402834545,7.123521984644749,7.751301319882533,0.2718024047800547,0.44342946626646684,-0.00930884276564492,-0.012341318006803714,0.001,0.0001,-0.013241318006803716
extreme,LTCUSDT,1,1716395999999,1716396000000,1716399600000,86.34,86.75,86.46951000000001,86.61987500000001,-0.012086478068802269,-5.032637942551225,11.471805713590925,-0.32201878205826173,0.26530612244897306,0.004748668056520744,0.0017389366494617864,0.001,0,0.0007389366494617864
extreme,XRPUSDT,1,1716399899999,1716399900000,1716403500000,0.5311,0.5283,0.5318966500000001,0.52750755,-0.009556898373505441,-4.230022445126046,6.282007783477034,-0.33469094295610813,0.35294117647059337,-0.005272076821690841,-0.008251791019928456,0.001,0,-0.009251791019928457
extreme,BNBUSDT,1,1716839999999,1716840000000,1716843600000,602.5,605.52,603.4037500000001,604.61172,-0.009712181787985576,-4.198232997340747,4.490218271581981,-0.2896424070169621,0.3406113537117839,0.005012448132780012,0.0020019265707247325,0.001,0,0.0010019265707247324
extreme,BNBUSDT,-1,1717510199999,1717510200000,1717513800000,657.19,660.36,656.2042150000001,661.35054,0.01241605368245368,5.629584993989224,11.837598267045728,0.29332715688176103,0.29697624190064825,-0.00482356700497566,-0.007842566204790291,0.001,0,-0.008842566204790292
extreme,BNBUSDT,-1,1717521299999,1717521300000,1717524900000,672.74,671.12,671.73089,672.1266800000001,0.010760344732529225,4.787932805693358,5.010664364755028,0.2516024623859505,0.37767584097859297,0.002408062550168011,-0.0005892091697614621,0.001,0,-0.0015892091697614621
extreme,BNBUSDT,-1,1717540799999,1717540800000,1717544400000,686.94,682.34,685.9095900000001,683.36351,0.009345520702328417,4.1072034773244095,3.4057237186587415,0.2910850196638153,0.4869565217391225,0.006696363583427956,0.0037119760929426038,0.001,0,0.0027119760929426038
extreme,BNBUSDT,-1,1717550999999,1717551000000,1717554600000,712.99,698.29,711.920515,699.337435,0.02620361360177397,11.370204532422262,13.052695131743121,0.29745826582637047,0.2856461611826419,0.020617399963533956,0.017674838320960617,0.001,0,0.016674838320960617
extreme,ETHUSDT,1,1718072399999,1718072400000,1718076000000,3593.19,3606.47,3598.5797850000004,3601.0602949999998,-0.009624606744228147,-4.359760789220343,20.559089377477676,-0.27919797380512834,0.5966205284918208,0.0036958802623852094,0.000689302488259047,0.001,0,-0.00031069751174095297
extreme,ETHUSDT,1,1718079299999,1718079300000,1718082900000,3564.97,3560.32,3570.317455,3554.9795200000003,-0.008875021251418761,-4.016819033035947,11.176865867883242,-0.3453914069121311,0.6135718961378995,-0.001304358802458272,-0.0042959583267644375,0.001,0,-0.0052959583267644375
extreme,SOLUSDT,1,1718080499999,1718080500000,1718084100000,153.394,153.863,153.62409100000002,153.6322055,-0.015326342305476007,-4.549845683817954,10.688745244552779,-0.25600368550721764,0.4394841269841347,0.00305748595121047,0.000052820491546423654,0.001,0,-0.0009471795084535764
extreme,BTCUSDT,1,1718381399999,1718381400000,1718385000000,65762.6,65302.2,65861.24390000002,65204.2467,-0.010264537691566477,-5.130670972968158,25.68207583699769,-0.34573637780937005,0.32630544024470065,-0.00700093974386673,-0.0099754751215686,0.001,0,-0.0109754751215686
extreme,DOGEUSDT,1,1718381399999,1718381400000,1718385000000,0.13452,0.13402,0.13472178,0.13381897,-0.034057661711271794,-7.917122149424468,78.59794640029433,-0.35871537684696164,0.4344059405940574,-0.0037169194171869924,-0.006701292099911438,0.001,0,-0.007701292099911438
extreme,ETHUSDT,1,1718381399999,1718381400000,1718385000000,3408.86,3396.06,3413.9732900000004,3390.9659100000003,-0.015979666716502288,-6.815738426080157,28.20081601679321,-0.27063883181899295,0.3256715989082033,-0.003754920999982425,-0.006739179848709309,0.001,0,-0.007739179848709309
extreme,SOLUSDT,1,1718381399999,1718381400000,1718385000000,140.986,141.115,141.197479,140.90332750000002,-0.017413384069458106,-4.690283337923069,24.09055396154592,-0.2534786288035623,0.40052980132450283,0.000914984466542812,-0.002083263115483569,0.001,0,-0.003083263115483569
extreme,XRPUSDT,1,1718641199999,1718641200000,1718644800000,0.4984,0.5111,0.4991476,0.51033335,-0.025162298300990475,-6.267814830979417,8.22218118267943,-0.28848959702260013,0.3310810810810826,0.025481540930979207,0.022409704063487412,0.001,0,0.02140970406348741
extreme,ETHUSDT,1,1718671799999,1718671800000,1718675400000,3458.29,3399.4,3463.4774350000002,3394.3009,-0.013136671308361306,-5.065040402372304,6.368889459978785,-0.36986688468923257,0.2894144144144202,-0.017028647105939654,-0.019973144418652722,0.001,0,-0.020973144418652723
extreme,ETHUSDT,1,1719174899999,1719174900000,1719178500000,3433.55,3424.03,3438.7003250000002,3418.8939550000005,-0.010885477989369981,-4.058006534024383,30.327551268448072,-0.39250321513538955,0.5210280373831817,-0.002772640561517936,-0.005759841837918778,0.001,0,-0.006759841837918778
extreme,ETHUSDT,1,1719221699999,1719221700000,1719225300000,3290.01,3311.6,3294.9450150000002,3306.6326,-0.025276469995158264,-9.249090870551257,34.40750314788574,-0.2615213336652169,0.5295654565456542,0.006562290084224598,0.0035471259601580485,0.001,0,0.0025471259601580485
extreme,LTCUSDT,-1,1719563999999,1719564000000,1719567600000,74.36,73.68,74.24846000000001,73.79052000000001,0.018184786625752507,6.665374514164181,18.435622990894064,0.2626192668928218,0.3653846153846138,0.009144701452393655,0.006167670009586623,0.001,0,0.005167670009586623
extreme,SOLUSDT,1,1720056899999,1720056900000,1720060500000,135.694,135.91,135.897541,135.70613500000002,-0.019499997580401544,-4.9004096155755095,6.346626017401412,-0.34873946610612805,0.34195090158591807,0.0015918168821025258,-0.0014084581559865583,0.001,0,-0.0024084581559865583
extreme,BTCUSDT,1,1720057499999,1720057500000,1720061100000,59599.8,59082.3,59689.199700000005,58993.676550000004,-0.010847034502204382,-5.493202239389565,7.233896050977798,-0.2945878328616718,0.6214947341707954,-0.008682915043339068,-0.011652412052695071,0.001,0,-0.012652412052695072
extreme,DOGEUSDT,-1,1720101599999,1720101600000,1720105200000,0.10792,0.10857,0.10775812000000001,0.108732855,0.01456064552468146,4.387369990199203,3.822285165263153,0.25393969079475776,0.4933333333333267,-0.006022979985174093,-0.009045582829396048,0.001,0,-0.01004558282939605
extreme,BNBUSDT,1,1720148399999,1720148400000,1720152000000,477.82,468.63,478.53673000000003,467.927055,-0.04720073661692649,-20.39321990438116,22.983245160484532,-0.26335938605443376,0.37854984894259774,-0.019233184044200713,-0.022171077651657045,0.001,0,-0.023171077651657046
extreme,ETHUSDT,1,1720148399999,1720148400000,1720152000000,2926.66,2919.91,2931.04999,2915.530135,-0.04225959720862929,-17.661614773079123,23.187692621605933,-0.34307699011993753,0.2980928965379742,-0.002306383385839106,-0.00529498133875228,0.001,0,-0.00629498133875228
extreme,SOLUSDT,1,1720148399999,1720148400000,1720152000000,122.886,123.616,123.070329,123.430576,-0.022243167657293266,-5.351008042675876,11.20920603027229,-0.2752165376371649,0.33405983752724266,0.00594046514655866,0.0029271637032839415,0.001,0,0.0019271637032839415
extreme,BTCUSDT,-1,1720911599999,1720911600000,1720915200000,59449.6,59173.9,59360.4256,59262.66085000001,0.01185308106968206,4.071787935589765,12.871025678822472,0.2809262666934098,0.2526719096592106,0.0046375417160081644,0.0016469684813040786,0.001,0,0.0006469684813040786
extreme,LTCUSDT,-1,1721396699999,1721396700000,1721400300000,71.18,71.8,71.07323000000001,71.9077,0.013861608086624512,4.3035197638239024,8.125889598768183,0.25808226746465057,0.539999999999992,-0.008710311885360866,-0.0117409888364437,0.001,0,-0.0127409888364437
extreme,BNBUSDT,1,1721584499999,1721584500000,1721588100000,592.84,592.73,593.7292600000001,591.840905,-0.01260513848790607,-4.2489926004888225,20.750305935751136,-0.3440348013691509,0.2941952506596358,-0.00018554753390465084,-0.0031804984649064227,0.001,0,-0.004180498464906423
extreme,ETHUSDT,1,1721855699999,1721855700000,1721859300000,3328.47,3327.24,3333.462705,3322.24914,-0.013790729304948403,-5.264294161077137,18.560489958809566,-0.3484248065032236,0.5550077841203916,-0.00036953915763093814,-0.0033639389404838127,0.001,0,-0.004363938940483813
extreme,DOGEUSDT,-1,1722110099999,1722110100000,1722113700000,0.13583,0.13396,0.135626255,0.13416094,0.0245932359029564,5.340009729443282,7.5906600682090035,0.26891754996361716,0.34328358208955667,0.013767209011264159,0.01080406592366645,0.001,0,0.00980406592366645
extreme,BTCUSDT,-1,1722544799999,1722544800000,1722548400000,64026.8,64926,63930.75980000001,65023.389,0.01113051746286571,4.583096345925143,5.53183560476952,0.2510218211786488,0.4553333333333285,-0.01404411902515812,-0.017090821435849612,0.001,0,-0.018090821435849613
extreme,BTCUSDT,1,1722565799999,1722565800000,1722569400000,63946,64437.7,64041.919,64341.04345,-0.010234271308578062,-4.138957949961094,3.0364404637479785,-0.37168540753514545,0.28352272727273553,0.00768930034716786,0.004670760256262785,0.001,0,0.0036707602562627848
extreme,XRPUSDT,1,1722580199999,1722580200000,1722583800000,0.5606,0.5689,0.5614409,0.56804665,-0.016625780907909428,-4.011483231892821,3.544853671037991,-0.270970726200209,0.30136986301369695,0.014805565465572545,0.011765708554542398,0.001,0,0.010765708554542397
extreme,LTCUSDT,1,1722608099999,1722608100000,1722611700000,67.98,64.72,68.08197000000001,64.62292000000001,-0.014023016820749287,-4.6538039971758165,3.9250840987786226,-0.2747134233818317,0.258620689655183,-0.0479552809649898,-0.050807137337535946,0.001,0,-0.05180713733753595
extreme,ETHUSDT,1,1722791699999,1722791700000,1722795300000,2747.37,2693.24,2751.491055,2689.20014,-0.022569593324267265,-7.372472870582861,29.789954967721776,-0.2817395519900151,0.5511554230339196,-0.019702479098192116,-0.022638966929151128,0.001,0,-0.02363896692915113
extreme,BTCUSDT,1,1722793499999,1722793500000,1722797100000,57348.6,58439.9,57434.6229,58352.240150000005,-0.014467127126463588,-5.393592062282289,15.751500795673953,-0.29270703659583197,0.2881419234360397,0.019029235238523734,0.0159767262962216,0.001,0,0.014976726296221599
extreme,ETHUSDT,1,1722819599999,1722819600000,1722823200000,2526.04,2317.37,2529.82906,2313.893945,-0.031340119742838936,-9.695745415423803,18.990286664875015,-0.2651128830801136,0.43600309039402574,-0.08260755965859612,-0.08535561489676313,0.001,0,-0.08635561489676313
extreme,BNBUSDT,-1,1722953999999,1722954000000,1722957600000,492.45,485.12,491.711325,485.84768,0.030851624091270038,6.801079115462754,4.074492517039289,0.26320474353998513,0.39910813823857005,0.014884759874098874,0.011924974475623351,0.001,0,0.01092497447562335
extreme,DOGEUSDT,-1,1724417399999,1724417400000,1724421000000,0.10867,0.10791,0.10850699500000001,0.10807186500000002,0.019044655680145274,5.104277440336143,49.8514594378018,0.35732439541899663,0.4950980392156848,0.006993650501518345,0.004010156211587956,0.001,0,0.0030101562115879563
extreme,DOGEUSDT,1,1724424899999,1724424900000,1724428500000,0.10713,0.10986,0.107290695,0.10969521,-0.01767010219482369,-4.730153527805344,30.04235934660436,-0.3789595572647414,0.7203389830508443,0.025483057966956046,0.022411216555172864,0.001,0,0.021411216555172863
extreme,XRPUSDT,1,1724694599999,1724694600000,1724698200000,0.5803,0.5841,0.5811704500000001,0.58322385,-0.014541356218103842,-5.209026437701194,13.067081422084058,-0.2540676378371355,0.4545454545454598,0.00654833706703406,0.0035332147393245528,0.001,0,0.0025332147393245527
extreme,XRPUSDT,1,1724794799999,1724794800000,1724798400000,0.5768,0.5627,0.5776652,0.56185595,-0.013945306478240773,-5.108024907208556,17.189991812434045,-0.2717228433198141,0.4799999999999979,-0.024445214979195606,-0.027367495912857476,0.001,0,-0.028367495912857477
extreme,BTCUSDT,1,1724795399999,1724795400000,1724799000000,60172.5,59324.9,60262.75875,59235.912650000006,-0.01738753067464912,-7.065420621058003,13.719377287862887,-0.29863333778988455,0.4001896633475593,-0.014086168930990017,-0.017039480456908174,0.001,0,-0.018039480456908175
extreme,DOGEUSDT,1,1724795399999,1724795400000,1724799000000,0.09928,0.09832,0.09942892,0.09817252000000001,-0.02604779933232743,-7.595366111733932,18.419866362844008,-0.31488123456358363,0.251879699248117,-0.009669621273166729,-0.01263616259736089,0.001,0,-0.01363616259736089
extreme,ETHUSDT,1,1724795399999,1724795400000,1724799000000,2461.2,2449.77,2464.8918,2446.095345,-0.03835772227368946,-13.709278526045232,26.18844834861877,-0.3555830148151956,0.42523624235686347,-0.0046440760604582465,-0.00762567143920867,0.001,0,-0.00862567143920867
extreme,LTCUSDT,1,1724795399999,1724795400000,1724799000000,60.4,59.97,60.4906,59.880045,-0.034977131972150854,-12.327923721059356,17.724702856187225,-0.32191665775034195,0.33507853403141324,-0.0071192052980132425,-0.010093386410450544,0.001,0,-0.011093386410450545
extreme,SOLUSDT,1,1724795399999,1724795400000,1724799000000,148.146,146.83,148.36821899999998,146.609755,-0.01964444966104235,-5.410809795992196,11.540914908955273,-0.3015274566762175,0.3882709807886789,-0.008883128805367457,-0.011852026073049915,0.001,0,-0.012852026073049916
extreme,SOLUSDT,1,1725231599999,1725231600000,1725235200000,129.014,128.411,129.207521,128.21838350000002,-0.01872974210184329,-5.236610689424055,11.947286243293954,-0.3558303489799729,0.37141166025451283,-0.0046739113584572944,-0.007655417365371453,0.001,0,-0.008655417365371454
extreme,DOGEUSDT,-1,1726204199999,1726204200000,1726207800000,0.1035,0.10292,0.10334475,0.10307438000000001,0.014303333122048055,4.15864213955834,20.640376176955115,0.36038805724662293,0.3930348258706467,0.005603864734299524,0.0026161948236363974,0.001,0,0.0016161948236363974
extreme,XRPUSDT,-1,1727591399999,1727591400000,1727595000000,0.6242,0.6286,0.6232637,0.6295429000000001,0.011113909999639442,4.382928912928601,4.60061743160001,0.28048602671136713,0.3437499999999989,-0.007049022749118894,-0.010074708345761518,0.001,0,-0.01107470834576152
extreme,DOGEUSDT,1,1727734799999,1727734800000,1727738400000,0.1159,0.11545,0.11607385,0.115276825,-0.01702423595832994,-4.566418845245573,9.282544725198209,-0.3395768596301256,0.25287356321839566,-0.0038826574633304967,-0.006866533676620601,0.001,0,-0.007866533676620602
extreme,XRPUSDT,1,1727739299999,1727739300000,1727742900000,0.6123,0.6156,0.61321845,0.6146766,-0.011690342585288505,-4.143896905365927,3.1563087472180027,-0.3065612318794777,0.2999999999999852,0.005389514943655138,0.0023778638754266,0.001,-0.0001,0.0012778638754266
extreme,ETHUSDT,1,1727795099999,1727795100000,1727798700000,2507.42,2526.36,2511.1811300000004,2522.5704600000004,-0.018789985540642144,-7.498685777199838,14.674495525703584,-0.3431055366128314,0.28620689655172105,0.007553580971676022,0.004535447429074857,0.001,-0.00008397,0.003451477429074857
extreme,BTCUSDT,1,1727813999999,1727814000000,1727817600000,60981.1,60811.2,61072.571650000005,60719.9832,-0.010102760558858411,-4.98541489115394,3.976667488883085,-0.3263076012819489,0.31402809086179895,-0.002786109138733117,-0.005773270069920233,0.001,0,-0.006773270069920233
extreme,XRPUSDT,1,1727906399999,1727906400000,1727910000000,0.5409,0.5448,0.54171135,0.5439828,-0.01740767731625305,-4.982781897823048,8.32322066762401,-0.2843407767955196,0.3879310344827619,0.007210205213532772,0.004193100255329707,0.001,0,0.003193100255329707
extreme,BTCUSDT,-1,1728261899999,1728261900000,1728265500000,63284.9,63766.1,63189.97265,63861.74915,0.008709728382892402,4.313272020855808,14.098608597698119,0.3735329235508693,0.3122923588039708,-0.007603709573689832,-0.010631061730646207,0.001,0,-0.011631061730646208
extreme,ETHUSDT,1,1728507299999,1728507300000,1728510900000,2367.41,2377.47,2370.961115,2373.9037949999997,-0.018556016838196254,-7.033393548235276,16.68516395099787,-0.29471834786307094,0.30882352941176805,0.004249369564207184,0.0012411338091471436,0.001,0,0.00024113380914714353
extreme,DOGEUSDT,1,1729004699999,1729004700000,1729008300000,0.11199,0.11308,0.11215798500000002,0.11291038,-0.016384372186994723,-4.051347576682788,5.505046513497721,-0.30590095481170776,0.3750000000000023,0.009733011876060349,0.006708349833495886,0.001,-0.0001,0.0056083498334958855
extreme,XRPUSDT,1,1729004999999,1729005000000,1729008600000,0.5329,0.5408,0.53369935,0.5399887999999999,-0.01452810056290963,-4.225337012016609,8.906874622750188,-0.27670605495986056,0.2567567567567598,0.01482454494276575,0.01178463117858386,0.001,-0.0001,0.01068463117858386
extreme,SOLUSDT,-1,1729006499999,1729006500000,1729010100000,154.4,155.02,154.16840000000002,155.25253,0.014614992310855088,4.0817189456715885,5.000281617440268,0.27795470746884643,0.2500000000000079,-0.00401554404145088,-0.007032115530809069,0.001,0.0001,-0.00793211553080907
extreme,LTCUSDT,-1,1729216499999,1729216500000,1729220100000,74.71,73.13,74.59793499999999,73.239695,0.014835066403941107,4.767111730226994,6.162831439984748,0.3472170546255886,0.27419354838709753,0.021148440637130173,0.018207474509850607,0.001,0,0.017207474509850607
extreme,SOLUSDT,1,1729518299999,1729518300000,1729521900000,163.09,164.83,163.33463500000002,164.58275500000002,-0.014548145924384252,-4.625216283933616,8.451853911388605,-0.30191606569250784,0.3233532934131713,0.01066895579128091,0.007641490122410444,0.001,0,0.006641490122410444
extreme,ETHUSDT,1,1729557299999,1729557300000,1729560900000,2626.54,2640.62,2630.4798100000003,2636.65907,-0.013158607146617636,-5.293392636204303,19.89710243523692,-0.26217071703145634,0.3530550179706927,0.0053606646005770475,0.002349099953745659,0.001,0,0.0013490999537456591
extreme,XRPUSDT,1,1729588199999,1729588200000,1729591800000,0.5362,0.5333,0.5370043,0.53250005,-0.009279947814052739,-4.104849233568123,12.312625505006908,-0.27973891318008015,0.6842105263157874,-0.005408429690413996,-0.008387735442714317,0.001,0,-0.009387735442714318
extreme,ETHUSDT,1,1729706699999,1729706700000,1729710300000,2465.12,2494.43,2468.81768,2490.688355,-0.01523747756545719,-6.15605858043433,12.23019658816375,-0.31070348698797223,0.41469816272965915,0.011889887713377068,0.008858764734704705,0.001,0,0.007858764734704704
extreme,BTCUSDT,-1,1729864799999,1729864800000,1729868400000,68314.4,68288.4,68211.9284,68390.8326,0.00827545515475342,4.058137189177168,3.9144284363580946,0.2532195094916001,0.36083213773315914,0.00038059325705852576,-0.002622770008067876,0.001,0,-0.003622770008067876
extreme,XRPUSDT,1,1729897799999,1729897800000,1729901400000,0.5068,0.5007,0.5075602,0.49994895000000006,-0.014109581516319778,-6.4272993756694685,11.874637694543814,-0.2810504947619389,0.2826086956521881,-0.012036306235201244,-0.014995758138640403,0.001,-0.00002578,-0.016021538138640403
extreme,XRPUSDT,1,1730398199999,1730398200000,1730401800000,0.5039,0.5074,0.50465585,0.5066389,-0.0088924605343469,-4.2405820642030525,9.272839499066695,-0.32004783566730044,0.2820512820512784,0.0069458225838459065,0.003929509585591795,0.001,0,0.002929509585591795
extreme,SOLUSDT,1,1730836799999,1730836800000,1730840400000,163.97,166.72,164.215955,166.46992,-0.018010882127886402,-5.036216691929418,7.038523040216519,-0.2567434341924587,0.30454545454545046,0.0167713606147466,0.013725615151097825,0.001,0,0.012725615151097824
extreme,BTCUSDT,-1,1730860199999,1730860200000,1730863800000,72372.8,73962,72264.2408,74072.943,0.015448983750613491,6.724526520426002,6.949383510622229,0.3605178867089307,0.2786966589480689,-0.02195852585501723,-0.025029007154531602,0.001,0,-0.026029007154531603
extreme,BTCUSDT,1,1730880299999,1730880300000,1730883900000,72993.7,73769.9,73103.19055,73659.24515,-0.011117008083694972,-4.606926870700631,3.722281528646981,-0.29672353025591036,0.3078575466365211,0.010633794423354326,0.007606434080598357,0.001,0,0.0066064340805983566
extreme,LTCUSDT,1,1731083999999,1731084000000,1731087600000,71.8,71.94,71.9077,71.83209000000001,-0.014929776897524364,-4.77206111113969,6.323564111097292,-0.2993324923094628,0.3265306122448944,0.001949860724234087,-0.0010514868365973928,0.001,0,-0.002051486836597393
extreme,BNBUSDT,1,1731172499999,1731172500000,1731176100000,611.72,618.39,612.6375800000001,617.462415,-0.013106049506716311,-5.6378091070680805,7.101020046649007,-0.35992673618854076,0.28181818181818963,0.010903681422873124,0.007875512631791093,0.001,0,0.006875512631791093
extreme,BTCUSDT,-1,1731214499999,1731214500000,1731218100000,79331,79305.1,79212.0035,79424.05765000002,0.01811832256021282,7.481670326403493,25.00010645174519,0.28033365189432913,0.2735903008120823,0.00032648019059378086,-0.002677045657606847,0.001,0,-0.003677045657606847
extreme,LINKUSDT,1,1731268199999,1731268200000,1731271800000,14.382,14.189,14.403573,14.167716500000001,-0.016824502213677574,-4.047321772258426,5.732421436145165,-0.2522627427575561,0.48148148148148445,-0.013419552218050357,-0.01637486059882498,0.001,0,-0.01737486059882498
extreme,BTCUSDT,-1,1731360599999,1731360600000,1731364200000,88320.8,86935.8,88188.31880000001,87066.20370000001,0.01216254992145863,4.598136876711612,4.518740012503161,0.2769937563748164,0.25784624244168375,0.015681470276537324,0.012724078599851918,0.001,0,0.011724078599851917
extreme,SOLUSDT,1,1732452299999,1732452300000,1732455900000,242.69,247.13,243.054035,246.759305,-0.02526630062130097,-4.376153629993283,9.834291261249454,-0.32144988523674844,0.32783505154639286,0.018294944167456473,0.015244634799006729,0.001,0,0.014244634799006728
extreme,BTCUSDT,-1,1733366099999,1733366100000,1733369700000,100100.7,102850,99950.54895,103004.27500000001,0.014677502600248686,6.035249944710033,20.64476044563696,0.2730499036800407,0.492184569213455,-0.02746534240020293,-0.030552368967254218,0.001,0,-0.03155236896725422
extreme,DOGEUSDT,1,1733437799999,1733437800000,1733441400000,0.41827,0.4317,0.418897405,0.43105245,-0.034057745892350166,-4.529841387196802,6.01685808360168,-0.2699512039908325,0.3594019551466376,0.03210844669710955,0.029016758888730676,0.001,0,0.028016758888730675
extreme,ETHUSDT,1,1733437799999,1733437800000,1733441400000,3748.75,3811.6,3754.373125,3805.8826,-0.024435349778074697,-6.7718539472675685,13.935621649624178,-0.29665204499600395,0.6471751821295889,0.016765588529509712,0.013719860356181224,0.001,0,0.012719860356181223
extreme,LINKUSDT,1,1733437799999,1733437800000,1733441400000,22.886,23.574,22.920329,23.538639000000003,-0.03807860463648642,-4.727176833556883,6.933395259972754,-0.3063077210215871,0.46858029480217384,0.03006204666608414,0.026976488862791026,0.001,0,0.025976488862791025
extreme,BNBUSDT,1,1733778299999,1733778300000,1733781900000,653.85,677.62,654.830775,676.60357,-0.06391573358923937,-14.925049895109167,22.167775921990863,-0.5557587411598646,0.25224919368528254,0.0363539038005658,0.0332494986968197,0.001,0,0.0322494986968197
extreme,ETHUSDT,1,1734449099999,1734449100000,1734452700000,3940.99,3944.02,3946.901485,3938.10397,-0.015429700518728643,-4.27702291531675,6.627936970872989,-0.3342965456078998,0.29579111457521645,0.0007688423467200334,-0.002228967465601639,0.001,-0.0001,-0.003328967465601639
extreme,DOGEUSDT,1,1734552299999,1734552300000,1734555900000,0.371,0.35803,0.3715565,0.35749295500000006,-0.02736108783841586,-4.275059889093548,15.64925081241112,-0.3586304705896599,0.2935779816513778,-0.034959568733153534,-0.037850353849279816,0.001,0,-0.03885035384927982
extreme,BNBUSDT,1,1734552599999,1734552600000,1734556200000,689.08,692.1,690.1136200000001,691.06185,-0.02856458466054652,-6.9819149773867935,15.072278513892444,-0.3641137197536839,0.3521126760563381,0.004382655134381963,0.0013740201214982317,0.001,0,0.0003740201214982317
extreme,BTCUSDT,1,1734552599999,1734552600000,1734556200000,101832.1,100785.6,101984.84815,100634.42160000002,-0.014291612464587445,-4.7423134064405055,20.182321029387218,-0.35450210337298116,0.708179581795818,-0.010276720209050016,-0.013241442964289862,0.001,0,-0.014241442964289863
extreme,ETHUSDT,1,1734552599999,1734552600000,1734556200000,3698.83,3683.87,3704.3782450000003,3678.344195,-0.02853464786712154,-7.905083924244118,19.49636038179531,-0.34729653141203676,0.432,-0.004044522186745558,-0.007027913533165675,0.001,0,-0.008027913533165676
extreme,LINKUSDT,1,1734552599999,1734552600000,1734556200000,25.635,25.603,25.673452500000003,25.564595500000003,-0.044256697711149685,-5.214939712058576,13.083691047342564,-0.3328578750204596,0.5932686822589861,-0.0012482933489369463,-0.00424006081768713,0.001,0,-0.00524006081768713
extreme,LTCUSDT,1,1734552599999,1734552600000,1734556200000,110.21,109.14,110.375315,108.97629,-0.04590970130407786,-6.192458147046797,9.812442117522307,-0.2592086882117973,0.6000000000000014,-0.009708737864077555,-0.01267516201426011,0.001,0,-0.013675162014260112
extreme,BTCUSDT,1,1734619799999,1734619800000,1734623400000,100987.1,100495,101138.58065000002,100344.2575,-0.016839778720246484,-5.76516361455815,6.207471645800262,-0.26840624514456757,0.32817502668089815,-0.004872899607969772,-0.00785380954424153,0.001,0,-0.008853809544241531
extreme,BTCUSDT,1,1734630899999,1734630900000,1734634500000,97787.8,98227.4,97934.4817,98080.0589,-0.011814847165308017,-4.017365824057225,6.724991226520327,-0.26540969505401757,0.26104260455405925,0.004495448307457517,0.0014864754218635312,0.001,0,0.0004864754218635312
extreme,DOGEUSDT,1,1734630899999,1734630900000,1734634500000,0.32069,0.31615,0.321171035,0.315675775,-0.05296355541130135,-8.44441448627267,13.754543875867817,-0.2633721124093825,0.3356729975227078,-0.014156974024759128,-0.017110073453541652,0.001,0,-0.018110073453541653
extreme,ETHUSDT,1,1734637499999,1734637500000,1734641100000,3422.75,3392.57,3427.884125,3387.481145,-0.01802080105768033,-4.76441663473105,3.136661265045737,-0.2646390102506808,0.3545112781955009,-0.008817471331531657,-0.011786565276619365,0.001,0,-0.012786565276619366
extreme,BNBUSDT,-1,1734697799999,1734697800000,1734701400000,641.97,641.84,641.0070450000001,642.80276,0.024759985609294318,5.863442671519906,3.6498725492169393,0.29947697750046,0.2967678746327093,0.00020250167453306211,-0.002801396667956979,0.001,0,-0.003801396667956979
extreme,ETHUSDT,1,1736261999999,1736262000000,1736265600000,3568.01,3461.21,3573.3620150000006,3456.0181850000004,-0.015951359105963684,-6.263579291840762,27.584222825291345,-0.3680287689980546,0.5741444866920141,-0.02993265153404845,-0.03283849481452561,0.001,0,-0.03383849481452561
extreme,LTCUSDT,1,1736261999999,1736262000000,1736265600000,109.35,106.1,109.514025,105.94085,-0.015246687943397562,-4.0129458781669225,11.851243638189715,-0.4603081252592469,0.5867052023121377,-0.029721079103795178,-0.03262755615091317,0.001,0,-0.033627556150913174
extreme,XRPUSDT,-1,1736358599999,1736358600000,1736362200000,2.2696,2.3077,2.2661956,2.31116155,0.02322316931090712,5.302398986953015,4.990087223731873,0.2586768143088245,0.3026315789473667,-0.016787099048290566,-0.01984204276100443,0.001,0,-0.02084204276100443
extreme,ETHUSDT,1,1736778899999,1736778900000,1736782500000,2953.73,3051.21,2958.1605950000003,3046.633185,-0.03229261827752594,-11.005425192015286,22.792076961862836,-0.38205275364353297,0.26229247755977453,0.033002339414909265,0.029907973944869548,0.001,0,0.028907973944869547
extreme,SOLUSDT,-1,1737026099999,1737026100000,1737029700000,204.92,214.23,204.61262,214.551345,0.022652534228249487,5.913019525214324,14.390893501162923,0.2517890060614516,0.33843537414965685,-0.045432363849307045,-0.04857337245376159,0.001,0,-0.04957337245376159
extreme,DOGEUSDT,1,1737171899999,1737171900000,1737175500000,0.40814,0.40548,0.40875221,0.40487178,-0.025090531705717106,-4.875618271396466,6.9236719391483295,-0.2766126152824261,0.35281615302869274,-0.00651737149017495,-0.009493355399839865,0.001,0,-0.010493355399839865
extreme,DOGEUSDT,1,1737179999999,1737180000000,1737183600000,0.3875,0.4003,0.38808125000000004,0.39969955,-0.025402316180506344,-4.892298347088263,7.483568994918696,-0.25139726504525617,0.549210206561356,0.03303225806451615,0.02993780297295978,0.001,0,0.02893780297295978
extreme,DOGEUSDT,1,1737322199999,1737322200000,1737325800000,0.38071,0.3733,0.38128106500000003,0.37274005000000004,-0.033450526242024534,-6.011968568095845,7.567011004996214,-0.2942903523793259,0.3275362318840562,-0.019463633736965025,-0.022400837030813414,0.001,0,-0.023400837030813415
extreme,ETHUSDT,1,1737322199999,1737322200000,1737325800000,3249.99,3293.18,3254.864985,3288.24023,-0.03747955324332926,-9.779700558045777,10.09694385062377,-0.26304099735986264,0.3085797639570343,0.013289271659297386,0.010253956816583587,0.001,0,0.009253956816583586
extreme,LINKUSDT,1,1737322199999,1737322200000,1737325800000,25.093,24.906,25.1306395,24.868641,-0.029452005065531642,-5.1301262560889604,9.136646608768807,-0.3047486266950672,0.402623612512611,-0.007452277527597362,-0.010425460919926133,0.001,0,-0.011425460919926134
extreme,DOGEUSDT,1,1737326999999,1737327000000,1737330600000,0.35828,0.36034,0.35881742,0.35979949,-0.03091457530811758,-5.452428007668257,5.309063134792569,-0.3165670682769537,0.337078651685395,0.005749692977559562,0.0027369629936027096,0.001,0,0.0017369629936027095
extreme,LTCUSDT,1,1737326999999,1737327000000,1737330600000,113.75,116.28,113.920625,116.10558,-0.037938854655231946,-6.764110897544756,5.8994392298510485,-0.3051271282696084,0.3836805555555566,0.022241758241758225,0.01917962616514801,0.001,0,0.01817962616514801
extreme,XRPUSDT,1,1737326999999,1737327000000,1737330600000,2.9702,2.9754,2.9746553000000002,2.9709369000000003,-0.03914949753501875,-6.755270138222154,12.603860530982628,-0.314984833650755,0.3877790834312566,0.001750723856979386,-0.0012500271880240277,0.001,0,-0.0022500271880240277
extreme,ETHUSDT,1,1738535699999,1738535700000,1738539300000,2875.18,2816.59,2879.49277,2812.3651150000005,-0.015673793639110648,-4.035876478149965,8.261098910982486,-0.31555245687530276,0.48631051752921256,-0.020377854603885526,-0.023312319342965182,0.001,0,-0.024312319342965183
extreme,XRPUSDT,1,1738543499999,1738543500000,1738547100000,2.226,2.2514,2.229339,2.2480229,-0.07684456568319825,-12.947763996204385,10.07366947308321,-0.28547372786769964,0.2878605769230761,0.011410601976639567,0.008380914701622277,0.001,0,0.007380914701622277
extreme,ETHUSDT,1,1738547399999,1738547400000,1738551000000,2654.59,2478.46,2658.5718850000003,2474.74231,-0.04785591558617101,-12.145408323066109,19.39507755964251,-0.328457896660834,0.34998303359348515,-0.06634922907115604,-0.06914598624817703,0.001,0,-0.07014598624817703
extreme,SOLUSDT,1,1738547399999,1738547400000,1738551000000,187.43,188.85,187.71114500000002,188.566725,-0.036495241466366235,-5.59223434961775,8.705421293863187,-0.2775349685695755,0.45582304778198807,0.007576161767059553,0.004557960583533749,0.001,0,0.003557960583533749
extreme,ETHUSDT,1,1739137799999,1739137800000,1739141400000,2538.5,2622.33,2542.30775,2618.396505,-0.027282490872514092,-4.904818465774567,21.208147102812543,-0.2695961631791153,0.42878182200715387,0.03302343903880245,0.029929010364697195,0.001,0,0.028929010364697194
extreme,ETHUSDT,1,1740434699999,1740434700000,1740438300000,2580.08,2528.9,2583.95012,2525.10665,-0.022128451586621457,-6.613476992595054,15.306931756438386,-0.2637385557615922,0.34625560796042754,-0.019836594214132863,-0.022772680302358128,0.001,0,-0.02377268030235813
extreme,SOLUSDT,1,1740435299999,1740435300000,1740438900000,144.69,143.41,144.907035,143.194885,-0.036244211457593024,-8.465805783405493,12.632012353077185,-0.26211455273045936,0.8467261904761902,-0.008846499412537123,-0.011815506403812681,0.001,0,-0.012815506403812682
extreme,BTCUSDT,1,1740479099999,1740479100000,1740482700000,87160,87800.1,87290.74,87668.39985000002,-0.014332320729256689,-7.064387027121649,7.906609390151497,-0.2573312769552788,0.3084568588809855,0.007343965121615392,0.004326459484706113,0.001,0,0.0033264594847061133
extreme,LINKUSDT,1,1740706199999,1740706200000,1740709800000,14.688,14.291,14.710032000000002,14.2695635,-0.022752731649545922,-4.330868265370982,4.842859664031848,-0.29823805894754996,0.2536585365853638,-0.027028867102396492,-0.029943408688709927,0.001,0,-0.030943408688709928
extreme,ETHUSDT,-1,1742382899999,1742382900000,1742386500000,2008.69,2019.02,2005.676965,2022.04853,0.01798329547645213,4.077411160540044,14.027033783607951,0.29919608701399114,0.39969096059747644,-0.005142655163315357,-0.008162613065658908,0.001,0,-0.009162613065658909
extreme,BTCUSDT,1,1742997599999,1742997600000,1743001200000,86792,86720.1,86922.18800000001,86590.01985000001,-0.010976258646564858,-5.193425868995845,13.939016562676073,-0.31005231368968944,0.28389970306830525,-0.0008284173656557536,-0.003821442575743683,0.001,0,-0.004821442575743683
extreme,ETHUSDT,1,1743136799999,1743136800000,1743140400000,1976.83,1917.01,1979.795245,1914.134485,-0.011447607925376675,-4.574121272117659,7.4737378446121765,-0.3029228221892475,0.45607961921245804,-0.03026056868825333,-0.03316542969068503,0.001,0,-0.034165429690685034
extreme,ETHUSDT,1,1743247499999,1743247500000,1743251100000,1846.81,1853.37,1849.580215,1850.589945,-0.012858211543459562,-4.866712147207795,15.036691973689248,-0.3059414328559463,0.38629370629370474,0.0035520708681455737,0.0005459238760292529,0.001,0,-0.00045407612397074717
extreme,LTCUSDT,1,1743632099999,1743632100000,1743635700000,83.57,81.39,83.69535499999999,81.267915,-0.02341916611039761,-7.007787464790523,4.0332824252113415,-0.2969277167680773,0.2989690721649553,-0.026085915998564024,-0.029003282201264247,0.001,0,-0.030003282201264247
extreme,SOLUSDT,1,1743632099999,1743632100000,1743635700000,122.27,118.83,122.453405,118.65175500000001,-0.024237735219859193,-6.105604272958954,8.556344025387105,-0.2673129190071545,0.3761467889908279,-0.02813445653062896,-0.0310456863163584,0.001,0,-0.0320456863163584
extreme,XRPUSDT,1,1743632099999,1743632100000,1743635700000,2.0444,2.0241,2.0474666,2.02106385,-0.028548568190952195,-7.544060668648045,5.740483866354578,-0.302023431137202,0.44573643410852415,-0.009929563686167153,-0.012895326351111125,0.001,0,-0.013895326351111126
extreme,LINKUSDT,1,1743684599999,1743684600000,1743688200000,12.442,12.478,12.460663,12.459283000000001,-0.021157235533308102,-4.965667539656418,7.48075404078367,-0.27287351798618475,0.3263888888888804,0.002893425494293389,-0.00011074852116610412,0.001,0,-0.0011107485211661041
extreme,ETHUSDT,1,1743731999999,1743732000000,1743735600000,1781.76,1788.2,1784.43264,1785.5177,-0.01615052933558604,-5.205935392503991,14.163352940027734,-0.37768756089726063,0.3170665947694801,0.0036144037356322656,0.0006080700249913029,0.001,0,-0.0003919299750086971
extreme,ETHUSDT,1,1743971699999,1743971700000,1743975300000,1586.88,1591.67,1589.26032,1589.2824950000002,-0.022494141278991794,-6.689114754344757,7.763806890929782,-0.3000007235029811,0.2848232848232886,0.003018501714055155,0.000013953031936297933,0.001,0,-0.000986046968063702
extreme,ETHUSDT,1,1744007699999,1744007700000,1744011300000,1488.69,1446.12,1490.923035,1443.95082,-0.019134628559905595,-5.298003390903001,5.234603062251707,-0.26071418693565307,0.2878888153540714,-0.028595610906233082,-0.0315054593009223,0.001,0,-0.0325054593009223
extreme,BNBUSDT,1,1744008899999,1744008900000,1744012500000,522.38,529.42,523.16357,528.62587,-0.017364347825304563,-7.000121493319126,9.814043021324618,-0.28288445087557224,0.6269607843137255,0.013476779356024204,0.010440902832741017,0.001,0,0.009440902832741016
extreme,SOLUSDT,-1,1744598099999,1744598100000,1744601700000,135.36,132.57,135.15696000000003,132.768855,0.0329696065166017,5.569835272297753,8.244906890541074,0.28300604475466895,0.2786259541984689,0.020611702127659726,0.017669123365900097,0.001,0,0.016669123365900096
extreme,BTCUSDT,-1,1745358599999,1745358600000,1745362200000,93405,92635.9,93264.8925,92774.85385,0.023122730463739107,8.873385272205509,14.317200533356662,0.45259715298599823,0.28940862535808154,0.008234034580590022,0.005254267033010351,0.001,0,0.004254267033010351
extreme,SOLUSDT,-1,1745358599999,1745358600000,1745362200000,148.42,147.4,148.19737,147.6211,0.019529079808045295,4.06440652689243,5.81046288509339,0.28063383752275817,0.2608695652173917,0.00687238916588051,0.003888530545447577,0.001,0,0.002888530545447577
extreme,LTCUSDT,1,1746474299999,1746474300000,1746477900000,84.93,82.34,85.05739500000001,82.21649000000001,-0.01438032613888329,-4.321681255631676,3.520828363635871,-0.33196380840752104,0.32727272727273293,-0.030495702343106168,-0.03339985900108988,0.001,0,-0.03439985900108988
extreme,BTCUSDT,-1,1746666299999,1746666300000,1746669900000,97942.3,97867.9,97795.38655000001,98014.70185,0.010146016222190118,6.121690906960803,17.132040310058983,0.3202454910357775,0.6412393834539089,0.0007596309255551992,-0.0022425935183338908,0.001,0,-0.0032425935183338908
extreme,BTCUSDT,-1,1746717899999,1746717900000,1746721500000,100476.2,100897.9,100325.4857,101049.24685,0.008821973955466307,5.316579978798144,17.72988423795619,0.344143314208309,0.34569396095051075,-0.004197013820188333,-0.007214130536723484,0.001,0.00005728,-0.008156850536723485
extreme,BNBUSDT,1,1746726599999,1746726600000,1746730200000,616.04,617.65,616.96406,616.723525,-0.007842162899532108,-5.595440412006834,10.548087379488074,-0.4916517213144067,0.38721804511277635,0.0026134666580093224,-0.00038986873886948104,0.001,0,-0.001389868738869481
extreme,LINKUSDT,1,1746946199999,1746946200000,1746949800000,16.579,16.435,16.6038685,16.4103475,-0.018880885908925078,-4.933419617966326,5.689558689176949,-0.41095606527012996,0.31683168316831994,-0.008685686712105789,-0.011655175418909147,0.001,0,-0.012655175418909148
extreme,BTCUSDT,-1,1746989399999,1746989400000,1746993000000,104676.9,104541.6,104519.88464999999,104698.41240000002,0.007360059918652702,4.149869248905864,3.133876509153985,0.3375927497312403,0.34395082425260637,0.0012925487858351792,-0.0017080745027402422,0.001,0,-0.002708074502740242
extreme,BNBUSDT,1,1747036199999,1747036200000,1747039800000,659.11,669,660.0986650000001,667.9965000000001,-0.012169434427963637,-6.257434715179761,9.930337713455698,-0.2813879506072794,0.5097087378640799,0.0150050826114001,0.011964628045414871,0.001,0,0.01096462804541487
extreme,DOGEUSDT,-1,1747040099999,1747040100000,1747043700000,0.24765,0.24826,0.24727852500000003,0.24863239000000004,0.020148322186730478,4.056822968937126,3.846983281298438,0.2982833646485499,0.3272727272727308,-0.0024631536442560886,-0.005475060966171785,0.001,0,-0.006475060966171785
extreme,LTCUSDT,-1,1747092299999,1747092300000,1747095900000,104.72,103.73,104.56292,103.88559500000001,0.020352764271235647,4.626907733526616,6.122497678744239,0.2595217967106551,0.5465116279069758,0.009453781512605008,0.006477678702928258,0.001,0.0001,0.005577678702928258
extreme,LINKUSDT,1,1747230599999,1747230600000,1747234200000,16.857,16.855,16.882285500000002,16.8297175,-0.021362314698683087,-5.0206354432820675,4.903943130593046,-0.3018239046450739,0.2688172043010792,-0.00011864507326331264,-0.0031137964110369287,0.001,0,-0.004113796411036929
extreme,LTCUSDT,1,1747726799999,1747726800000,1747730400000,93.52,93.51,93.66028,93.369735,-0.027737080018459176,-5.731839188803628,13.908568669378223,-0.2815175896096045,0.6219512195122066,-0.00010692899914443998,-0.0031021154324970546,0.001,-0.00001634,-0.004118455432497055
extreme,BTCUSDT,1,1748309099999,1748309100000,1748312700000,107987.6,108462.6,108149.58140000001,108299.90610000001,-0.008482500195033089,-4.118014707590763,17.804971030954615,-0.30985176294018535,0.7817612747190277,0.004398653178698364,0.0013899702435649086,0.001,0,0.0003899702435649086
extreme,BNBUSDT,-1,1748355299999,1748355300000,1748358900000,695.73,688.49,694.686405,689.522735,0.010315625455247696,4.978801166625072,20.9463511602365,0.2689982724271891,0.45399999999999635,0.01040633579118333,0.0074330949372760635,0.001,0,0.0064330949372760635
extreme,BNBUSDT,1,1749154499999,1749154500000,1749158100000,639.28,628.83,640.23892,627.8867550000001,-0.007418292910530454,-4.102044140366834,8.02195195276932,-0.3791440109617574,0.49479166666665664,-0.0163465148291827,-0.019293055473728282,0.001,0,-0.020293055473728283
extreme,ETHUSDT,-1,1749217799999,1749217800000,1749221400000,2513.5,2520.24,2509.72975,2524.02036,0.012059743705827445,4.015677733239745,4.005326233533274,0.2698158822826924,0.2652259332023663,-0.0026815197931171486,-0.005694083197603339,0.001,0,-0.006694083197603339
extreme,DOGEUSDT,-1,1749503699999,1749503700000,1749507300000,0.1906,0.19394,0.1903141,0.19423091,0.019977878748355552,5.008499301862931,13.269092181877483,0.40685064103081325,0.5679442508710849,-0.017523609653725236,-0.02058076621753191,0.001,0,-0.02158076621753191
extreme,LINKUSDT,-1,1749571799999,1749571800000,1749575400000,15.476,15.332,15.452786000000001,15.354998000000002,0.03124228635743737,8.160212934528495,9.728901403622938,0.2565980848328835,0.4285714285714326,0.009304729904368036,0.006328179268126788,0.001,0,0.005328179268126788
extreme,SOLUSDT,1,1749677999999,1749678000000,1749681600000,161.4,159.47,161.64210000000003,159.230795,-0.014516185517185623,-4.154201929843647,3.066782286772463,-0.29578349638719736,0.3333333333333333,-0.01195786864931847,-0.014917555513075054,0.001,0,-0.015917555513075055
extreme,ETHUSDT,1,1749761099999,1749761100000,1749764700000,2650,2643.82,2653.9750000000004,2639.8542700000003,-0.014580040629164803,-4.714277827373404,8.624988510259206,-0.2711941326297095,0.37399510660607377,-0.002332075471698003,-0.005320596463794902,0.001,0,-0.006320596463794902
extreme,BTCUSDT,1,1749773099999,1749773100000,1749776700000,104743.9,103212.6,104901.01585,103057.78110000001,-0.011453691566536526,-7.059187928779295,17.989582560095336,-0.3125722926687231,0.2698614870243598,-0.014619467100231986,-0.0175711811278898,0.001,0,-0.018571181127889802
extreme,BTCUSDT,1,1750541699999,1750541700000,1750545300000,101209.9,101800.1,101361.71485,101647.39985000002,-0.012594986007995612,-7.246532892678729,16.784356982682645,-0.26619530920745127,0.2528276779773786,0.00583144534279767,0.0028184704690799034,0.001,0,0.0018184704690799034
extreme,LTCUSDT,1,1750541699999,1750541700000,1750545300000,79.15,80.03,79.268725,79.90995500000001,-0.02852531952176182,-9.516213789775493,18.60388635898969,-0.2657202287841758,0.42187500000000083,0.011118130132659498,0.008089318959022096,0.001,0,0.007089318959022096
extreme,SOLUSDT,1,1750541699999,1750541700000,1750545300000,132.76,133.86,132.95914,133.65921000000003,-0.03754782956199501,-9.989781801631107,18.795854216774377,-0.26854534659150775,0.4852941176470602,0.008285628201265549,0.005265301806254508,0.001,0,0.004265301806254508
extreme,BNBUSDT,1,1750601999999,1750602000000,1750605600000,613.41,610.29,614.330115,609.374565,-0.006694096194895522,-4.120812052375461,3.5106854859451775,-0.31012759679357815,0.39087947882734747,-0.00508632073164772,-0.00806659136350496,0.001,0,-0.009066591363504961
extreme,ETHUSDT,1,1750622999999,1750623000000,1750626600000,2143.06,2184.39,2146.27459,2181.113415,-0.018534073754811843,-4.782528449108648,4.538621673331702,-0.36932158414614935,0.39113469642578247,0.019285507638610255,0.016232231030606226,0.001,0,0.015232231030606225
extreme,ETHUSDT,-1,1750686299999,1750686300000,1750689900000,2287.87,2283.75,2284.438195,2287.1756250000003,0.017865059733000597,4.45863985481524,8.54589339799423,0.27067696296566,0.30332583145786884,0.0018008016189731135,-0.0011982946205293388,0.001,0,-0.002198294620529339
extreme,SOLUSDT,-1,1750699799999,1750699800000,1750703400000,136.07,138.07,135.865895,138.277105,0.017644463979709053,4.236754271075025,5.598821535448135,0.25300957037888194,0.28497409326423884,-0.014698317042698639,-0.017746984995756332,0.001,0,-0.018746984995756333
extreme,BNBUSDT,-1,1750700099999,1750700100000,1750703700000,627.46,629.5,626.51881,630.44425,0.007133519262054579,4.00871605263637,6.954362862241002,0.41947441461372703,0.4372093023255734,-0.0032512032639531174,-0.006265478286278325,0.001,0,-0.007265478286278325
extreme,XRPUSDT,-1,1750700099999,1750700100000,1750703700000,2.0373,2.0536,2.0342440500000003,2.0566804,0.020529307284556646,6.303548614631511,10.770841893964777,0.2670125982969149,0.39887640449438716,-0.008000785353163398,-0.011029330526983516,0.001,0,-0.012029330526983517
extreme,ETHUSDT,-1,1750901699999,1750901700000,1750905300000,2463.68,2464.5,2459.98448,2468.19675,0.018301935479657354,4.5251713398449285,8.883286180958006,0.25176374861641704,0.27558853633572167,-0.00033283543317330633,-0.0033383421996222573,0.001,0,-0.004338342199622257
extreme,SOLUSDT,-1,1751297999999,1751298000000,1751301600000,156.06,156.53,155.82591000000002,156.76479500000002,0.029522919250847025,7.569195100012245,14.06088271186361,0.25119951875087865,0.3143812709030083,-0.0030116621812124045,-0.006025217500735369,0.001,0.00003926,-0.006985957500735369
extreme,ETHUSDT,-1,1752039599999,1752039600000,1752043200000,2636.7,2625.79,2632.74495,2629.728685,0.011354894762262084,4.563814239247866,12.922121662368953,0.3656380858120405,0.30621890547263686,0.004137747942503878,0.0011456730740285748,0.001,0,0.00014567307402857475
extreme,ETHUSDT,-1,1752084599999,1752084600000,1752088200000,2700.75,2716.51,2696.698875,2720.5847650000005,0.015902882129642266,6.475519180726529,18.490250017278917,0.3819623490664197,0.3347826086956522,-0.005835416088123768,-0.008857455395349101,0.001,0,-0.009857455395349102
extreme,BTCUSDT,-1,1752089999999,1752090000000,1752093600000,110902.1,110862.8,110735.74685000001,111029.0942,0.0067048980710433855,5.395341594703377,29.766155257894617,0.33209873733363793,0.3757269007107387,0.000354366599009448,-0.0026490754642884973,0.001,0,-0.0036490754642884973
extreme,BTCUSDT,-1,1752182399999,1752182400000,1752186000000,116449.7,116194.6,116275.02545,116368.89190000002,0.025192373773856885,19.401443466269882,42.26617221545254,0.300172583290089,0.26631675034231,0.0021906454031225264,-0.0008072795480951189,0.001,0,-0.001807279548095119
extreme,LTCUSDT,1,1752216599999,1752216600000,1752220200000,94.9,95.11,95.04235000000001,94.967335,-0.009647725839093712,-4.051500487039345,4.99142470793787,-0.3888542059209693,0.3085106382978797,0.002212855637513167,-0.0007892797263536755,0.001,0,-0.0017892797263536755
extreme,DOGEUSDT,1,1752324599999,1752324600000,1752328200000,0.1948,0.19532,0.19509220000000002,0.19502702,-0.016647112360737962,-4.466310012010873,5.123105752146027,-0.283170638860223,0.38964577656676075,0.0026694045174537884,-0.00033409844165999125,0.001,0,-0.0013340984416599913
extreme,BTCUSDT,-1,1752416399999,1752416400000,1752420000000,119231.5,118952.4,119052.65275000001,119130.82860000001,0.006757635390265125,4.548755073994654,29.83096708248472,0.39040887728483353,0.3930919529586094,0.002340824362689453,-0.0006566493748287883,0.001,0,-0.0016566493748287883
extreme,BTCUSDT,-1,1752464699999,1752464700000,1752468300000,121149.8,121199.3,120968.07530000001,121381.09895000001,0.01052987191137605,6.969314141313093,36.85800367829204,0.3241603092593641,0.34215789473684516,-0.00040858507401586586,-0.003414319430772972,0.001,0,-0.004414319430772972
extreme,BTCUSDT,-1,1752470699999,1752470700000,1752474300000,122421.7,122390,122238.06745,122573.585,0.009989965134944972,6.51782164696019,21.39123567565819,0.32473226573405234,0.27837168141592716,0.00025894102107715256,-0.0027447877490147654,0.001,0,-0.0037447877490147654
extreme,LTCUSDT,1,1752540599999,1752540600000,1752544200000,93.3,94.04,93.43995,93.89894000000001,-0.024666470508153196,-8.616171798609775,21.427761373490362,-0.30183889454288804,0.2814070351758792,0.007931404072883286,0.004912138758635942,0.001,0,0.003912138758635942
extreme,BNBUSDT,1,1752548699999,1752548700000,1752552300000,678.8,678.48,679.8182,677.4622800000001,-0.0075876350086241775,-5.652985841840525,8.123790262701801,-0.46127287828263497,0.4506539833531484,-0.0004714201532114437,-0.0034655147508554363,0.001,0,-0.004465514750855436
extreme,SOLUSDT,1,1752590699999,1752590700000,1752594300000,159.34,159.59,159.57901,159.350615,-0.01160627030642221,-4.023790456369576,3.548390307242952,-0.4168786427642839,0.29375000000000034,0.0015689720095393156,-0.001431234596580122,0.001,0,-0.002431234596580122
extreme,LTCUSDT,-1,1752810599999,1752810600000,1752814200000,106.97,107.19,106.809545,107.350785,0.016304965145947616,4.869391216224545,3.979595904177321,0.29938762489144044,0.586206896551727,-0.0020566513975881495,-0.00506733738075571,0.001,0,-0.00606733738075571
extreme,DOGEUSDT,-1,1752815399999,1752815400000,1752819000000,0.24181,0.24224,0.241447285,0.24260336000000002,0.023600409129445235,4.982808218381147,4.362865777041842,0.4876425045079198,0.3357894736842101,-0.0017782556552665696,-0.004788105196544379,0.001,0,-0.005788105196544379
extreme,LTCUSDT,-1,1752990299999,1752990300000,1752993900000,115.88,115.36,115.70618,115.53304,0.017587080499222422,4.127455572663749,5.1090762370242135,0.2598640775306327,0.35820895522387586,0.004487400759406235,0.001496376425183188,0.001,0,0.0004963764251831879
extreme,SOLUSDT,1,1753049699999,1753049700000,1753053300000,179.21,180.01,179.47881500000003,179.739985,-0.01692986493960835,-4.967026141691358,5.6172881250075575,-0.4468992999103708,0.4754716981132031,0.004464036605100086,0.0014551578134720522,0.001,0,0.0004551578134720522
extreme,BNBUSDT,-1,1753229699999,1753229700000,1753233300000,796.01,798.79,794.8159850000001,799.988185,0.010608839079412413,4.122128995605884,7.607044096725239,0.2803005657507165,0.4020467836257291,-0.0034924184369542477,-0.006507418191897596,0.001,0,-0.007507418191897596
extreme,DOGEUSDT,1,1753278299999,1753278300000,1753281900000,0.24324,0.24714,0.24360486000000003,0.24676929,-0.029653406165522186,-4.753152008714003,12.908775131134842,-0.2996855856691877,0.39280774550484293,0.016033547113961433,0.012990011775626975,0.001,0,0.011990011775626974
extreme,LINKUSDT,1,1753278299999,1753278300000,1753281900000,18.104,18.254,18.131156,18.226619000000003,-0.02482058414044991,-5.130879571073326,11.977269083266174,-0.2720044525655343,0.3732534930139735,0.008285461776403213,0.005265135879918725,0.001,0,0.004265135879918725
extreme,LTCUSDT,1,1753278299999,1753278300000,1753281900000,112.36,113.65,112.52854,113.47952500000001,-0.024175939001520878,-4.8880580932245055,11.056484957600038,-0.2809402197626364,0.5324384787472027,0.01148095407618377,0.008451056060978068,0.001,0,0.007451056060978068
extreme,SOLUSDT,1,1753278299999,1753278300000,1753281900000,189.52,190.57,189.80428000000003,190.284145,-0.023104628898942724,-5.871170342064456,10.526139939860716,-0.2741479925873396,0.36914062500000255,0.005540312368087719,0.002528209585157759,0.001,0,0.001528209585157759
extreme,SOLUSDT,1,1754078999999,1754079000000,1754082600000,163.94,163.79,164.18591,163.544315,-0.017235028864197175,-4.1067333030557105,7.08379855294665,-0.30774660985664104,0.3471337579617829,-0.0009149688910576881,-0.003907734835467913,0.001,0,-0.004907734835467913
extreme,ETHUSDT,-1,1755029999999,1755030000000,1755033600000,4601.26,4606.69,4594.35811,4613.6000349999995,0.02102020885237919,6.456363924535823,14.305160174757994,0.2796798254694033,0.2963645176926788,-0.0011801115346663504,-0.004188163947890233,0.001,0,-0.005188163947890233
extreme,BNBUSDT,1,1755174899999,1755174900000,1755178500000,841.34,835.83,842.6020100000001,834.5762550000001,-0.025036078161324773,-9.82915704660918,17.270502743534507,-0.2515352599003504,0.25952693823915873,-0.006549076473245097,-0.009524965410419584,0.001,0,-0.010524965410419584
extreme,ETHUSDT,1,1755174899999,1755174900000,1755178500000,4560.59,4544.05,4567.430885000001,4537.233925,-0.03422755283590557,-10.25301928171861,21.172090590616417,-0.2981800277081651,0.29560640732265514,-0.0036267237353061477,-0.006611366599803548,0.001,0,-0.007611366599803548
extreme,XRPUSDT,1,1755174899999,1755174900000,1755178500000,3.0663,3.1052,3.07089945,3.1005422,-0.049780507626327866,-13.112570570476977,26.22228536539889,-0.294265004500323,0.256029684601112,0.012686299448847027,0.009652790813453604,0.001,0,0.008652790813453604
extreme,ETHUSDT,1,1756064099999,1756064100000,1756067700000,4863.64,4793.24,4870.935460000001,4786.05014,-0.016696975488026254,-4.152985708033573,13.156021546573157,-0.3272664304134041,0.3711419097015539,-0.014474755532893124,-0.017426903045026254,0.001,0,-0.018426903045026255
extreme,LTCUSDT,1,1757304599999,1757304600000,1757308200000,113.22,113.34,113.38983,113.16999000000001,-0.01698814935486789,-6.503397935137299,17.73010507769714,-0.28852107812827255,0.43478260869565755,0.0010598834128245915,-0.001938798214972115,0.001,0,-0.002938798214972115
extreme,BNBUSDT,-1,1757512199999,1757512200000,1757515800000,906.4,903.96,905.0404,905.3159400000001,0.006497230827615181,4.090960574297073,13.163408367288847,0.2649768214702841,0.320150659133715,0.0026919682259487487,-0.0003044504974585305,0.001,0,-0.0013044504974585305
extreme,BNBUSDT,-1,1757698199999,1757698200000,1757701800000,916.77,922.36,915.394845,923.74354,0.007620836409807525,5.251838025724173,24.249955433633115,0.3393895808727594,0.2754285714285678,-0.0060974944642604445,-0.009120321187738423,0.001,0,-0.010120321187738424
extreme,DOGEUSDT,1,1757783699999,1757783700000,1757787300000,0.28271,0.28596,0.28313406500000005,0.28553106,-0.0369473642164376,-9.401414746020054,7.946125891296761,-0.3673366507091257,0.38196555217831807,0.011495879169466816,0.008465936446043543,0.001,0,0.007465936446043543
extreme,LTCUSDT,1,1757812499999,1757812500000,1757816100000,117.45,118.79,117.626175,118.611815,-0.010585693971069204,-4.249601760786019,6.065989415087527,-0.29213333592205115,0.3333333333333275,0.01140911025968494,0.008379427453115706,0.001,0,0.0073794274531157064
extreme,BNBUSDT,1,1757926199999,1757926200000,1757929800000,913.52,916.58,914.8902800000001,915.20513,-0.0062637291623246424,-4.092129389574431,7.632976429352242,-0.3344564539802414,0.2929782082324466,0.0033496803572992118,0.00034413962732227077,0.001,0,-0.0006558603726777293
extreme,BNBUSDT,-1,1758379799999,1758379800000,1758383400000,1010.72,1021.85,1009.20392,1023.382775,0.007408176879552832,4.036140995159842,16.563902631412947,0.32161996862875775,0.25031133250311305,-0.011011951875890436,-0.014049544119884017,0.001,0,-0.015049544119884017
extreme,BNBUSDT,-1,1758404399999,1758404400000,1758408000000,1036.98,1038.93,1035.42453,1040.488395,0.01259599380471875,6.72296479718458,14.886809827616972,0.2898744650739751,0.5295075295075305,-0.001880460568188358,-0.00489061718481798,0.001,0,-0.00589061718481798
extreme,ETHUSDT,1,1758501299999,1758501300000,1758504900000,4372.9,4342.27,4379.45935,4335.756595000001,-0.01440572524800209,-6.6106437721698255,53.31090924643695,-0.30276647336121865,0.3560903732809448,-0.007004505019552076,-0.009979029717446575,0.001,0,-0.010979029717446576
extreme,DOGEUSDT,1,1758501899999,1758501900000,1758505500000,0.25061,0.25078,0.250985915,0.25040383,-0.028481195045214548,-6.220656015484562,6.596546000545654,-0.29625114904829786,0.4495412844036578,0.0006783448385938584,-0.002319193887832305,0.001,0,-0.003319193887832305
extreme,LTCUSDT,1,1758521099999,1758521100000,1758524700000,105.11,106.64,105.26766500000001,106.48004,-0.05117913262020239,-20.024560702792275,62.42677401997354,-0.2596451951076941,0.5100446428571432,0.01455617924079533,0.011517069367882327,0.001,0,0.010517069367882326
extreme,ETHUSDT,-1,1758598499999,1758598500000,1758602100000,4190.7,4158.39,4184.41395,4164.627585,0.00975463091137494,4.050491801478236,3.1874465954799014,0.26949590064914375,0.2566287878787927,0.007709929128785098,0.004728586902832621,0.001,0,0.003728586902832621
extreme,DOGEUSDT,1,1758803399999,1758803400000,1758807000000,0.22687,0.2319,0.227210305,0.23155215,-0.02110482100272848,-4.4582480101187265,8.975228563906194,-0.38048552585920303,0.2692939244663394,0.022171287521488114,0.01910936654039519,0.001,0,0.01810936654039519
extreme,ETHUSDT,1,1758803399999,1758803400000,1758807000000,3940.18,4001.36,3946.09027,3995.3579600000003,-0.017446223203961,-6.982604797068211,8.802818828063485,-0.4144704167537554,0.29766374634960296,0.015527209416828835,0.012485190816478697,0.001,0,0.011485190816478696
extreme,SOLUSDT,1,1758803399999,1758803400000,1758807000000,198.22,201.04,198.51733000000002,200.73844,-0.019731402647672817,-5.73365092980752,8.064427307062886,-0.3820918412395745,0.36039603960396027,0.014226616890323784,0.011188494223652867,0.001,0,0.010188494223652866
extreme,ETHUSDT,-1,1759097999999,1759098000000,1759101600000,4103.69,4122.63,4097.534465,4128.813945000001,0.011546314859846115,4.319593327992691,5.134655410655645,0.3109542185789662,0.3136531365313835,-0.004615358372586753,-0.0076337320081580895,0.001,0,-0.00863373200815809
extreme,BTCUSDT,-1,1759639799999,1759639800000,1759643400000,125284.7,125100.9,125096.77295,125288.55135,0.0102442888693424,6.500976953156291,39.39993408917374,0.29627718742813136,0.3686174513340344,0.0014670586272705899,-0.0015330403453064356,0.001,0,-0.0025330403453064356
extreme,BNBUSDT,1,1759840499999,1759840500000,1759844100000,1305.4,1315.27,1307.3581000000001,1313.2970950000001,-0.017488153802494587,-5.688256081445523,8.720772517484075,-0.3378115328823227,0.33072916666666907,0.0075609008732955285,0.004542745403879778,0.001,0,0.0035427454038797776
extreme,SOLUSDT,1,1759844699999,1759844700000,1759848300000,227.37,226.25,227.71105500000002,225.910625,-0.01735306886096112,-4.998424117201545,13.820819680831423,-0.2645171896314573,0.36656891495601207,-0.004925891718344566,-0.007906642916392426,0.001,0,-0.008906642916392427
extreme,BTCUSDT,1,1759846499999,1759846500000,1759850100000,122795.6,121906.8,122979.79340000001,121723.93980000001,-0.00835213874405945,-5.168846712488514,7.607675806924794,-0.2627991904462825,0.2612481857764877,-0.007238044359895612,-0.010211869489122116,0.001,0,-0.011211869489122117
extreme,BTCUSDT,-1,1759932299999,1759932300000,1759935900000,123020,122252.3,122835.47,122435.67845,0.007424665935291818,4.463307821649702,6.724403678364328,0.2805979412390347,0.379109500388296,0.0062404487075271575,0.003254691417715061,0.001,0,0.002254691417715061
extreme,LTCUSDT,1,1760058599999,1760058600000,1760062200000,127.66,127.93,127.85149,127.73810500000002,-0.012610114944874046,-4.03054903117065,3.066890951763032,-0.3405506623684683,0.4070796460176901,0.0021149929500234865,-0.0008868492655030868,0.001,0,-0.0018868492655030869
extreme,XRPUSDT,1,1760109899999,1760109900000,1760113500000,2.7516,2.7487,2.7557274,2.74457695,-0.012854482832248569,-5.375521706441868,21.137047666467716,-0.2756484303370441,0.2861111111111102,-0.0010539322575955357,-0.004046281936304741,0.001,-0.00001196,-0.005058241936304741
extreme,LTCUSDT,1,1760110199999,1760110200000,1760113800000,126.97,127.93,127.16045500000001,127.73810500000002,-0.02050034769297997,-5.91019434425874,4.997355878856298,-0.2815543574114393,0.39772727272727637,0.007560841143577246,0.004542685853082373,0.001,-0.0001,0.0034426858530823734
extreme,XRPUSDT,1,1760129999999,1760130000000,1760133600000,2.4961,2.3266,2.4998441500000004,2.3231101,-0.07584910432920937,-30.31334034766295,47.555369226506464,-0.29526372397690503,0.3714867617107946,-0.06790593325587924,-0.07069802731502295,0.001,0,-0.07169802731502295
extreme,BNBUSDT,1,1760130899999,1760130900000,1760134500000,1114.29,1097.66,1115.961435,1096.0135100000002,-0.0742073766566994,-20.33212335630068,24.44747675382789,-0.3251125385376007,0.35538664391530284,-0.014924301573199017,-0.017875102467138304,0.001,0,-0.018875102467138305
extreme,ETHUSDT,1,1760130899999,1760130900000,1760134500000,3723.05,3895,3728.6345750000005,3889.1575000000003,-0.037356359550503246,-12.848759772650556,21.21035687660334,-0.3101077126297881,0.3878083084628318,0.046185251339627476,0.043051396368065875,0.001,0,0.042051396368065874
extreme,LTCUSDT,1,1760130899999,1760130900000,1760134500000,114.11,96.25,114.281165,96.105625,-0.06291061953740958,-16.7458718022887,9.60758095493424,-0.28667767638223984,0.33389830508474566,-0.1565156428008062,-0.15904230587778834,0.001,0,-0.16004230587778834
extreme,SOLUSDT,1,1760130899999,1760130900000,1760134500000,185.16,188.68,185.43774000000002,188.39698,-0.06122170122667678,-17.234827049000398,24.32001663816597,-0.32878112794542236,0.42595978062157197,0.019010585439619865,0.015958132362915878,0.001,0,0.014958132362915877
extreme,BTCUSDT,-1,1761516299999,1761516300000,1761519900000,114749.4,114751.5,114577.2759,114923.62725,0.010725772062425478,4.623936496593113,29.447273633408606,0.37222541525047936,0.37409165778509745,-0.000018300749285105056,-0.0030228624941501803,0.001,0,-0.00402286249415018
extreme,BNBUSDT,1,1761572699999,1761572700000,1761576300000,1150.27,1140.01,1151.9954050000001,1138.299985,-0.019006527121518794,-4.4290578782792105,20.400689916325177,-0.30629049645468265,0.5101847465656103,-0.008919644952924077,-0.011888432836240415,0.001,0,-0.012888432836240415
extreme,LTCUSDT,-1,1761578099999,1761578100000,1761581700000,100.6,101.96,100.4491,102.11294,0.015327121986155245,4.158788650885671,18.48679073839604,0.30287166301077106,0.33774834437085693,-0.013518886679920517,-0.016564011026479974,0.001,0.0001,-0.017464011026479976
extreme,BTCUSDT,1,1761798599999,1761798600000,1761802200000,108329,109097.5,108491.49350000001,108933.85375000001,-0.014892855174479063,-6.463046380742293,13.6467745374898,-0.27483158207156944,0.3192910191599515,0.007094129919043013,0.004077372665166612,0.001,0,0.003077372665166612
extreme,LTCUSDT,-1,1761980399999,1761980400000,1761984000000,97.69,99.04,97.543465,99.18856000000001,0.017971977211142284,5.147948705794119,17.523662734867724,0.2710808693819424,0.2690355329949246,-0.013819224076159431,-0.016865250788456354,0.001,0,-0.017865250788456355
extreme,ETHUSDT,1,1762234499999,1762234500000,1762238100000,3525.56,3527.73,3530.84834,3522.4384050000003,-0.02206880488419166,-6.781441753504398,6.792674028242945,-0.26307767610837984,0.27450576606260857,0.000615505054516241,-0.0023818454349131546,0.001,0,-0.0033818454349131546
extreme,ETHUSDT,1,1762287599999,1762287600000,1762291200000,3167.76,3186.11,3172.5116400000006,3181.330835,-0.015946624113939892,-4.761816674702487,11.49406003483092,-0.3005478535075792,0.4282051282051307,0.00579273682349668,0.002779877901409211,0.001,0,0.0017798779014092112
extreme,LTCUSDT,1,1762964099999,1762964100000,1762967700000,97.52,96.06,97.66628,95.91591000000001,-0.024912680812408244,-4.252387649465962,21.173868853066036,-0.26515568930426003,0.3047619047619036,-0.014971287940935163,-0.01792194808689329,0.001,0,-0.018921948086893292
extreme,ETHUSDT,1,1763435099999,1763435100000,1763438700000,2959.53,3013.11,2963.9692950000003,3008.5903350000003,-0.02307990011358121,-5.019972382424387,7.49653975236621,-0.2570444751739699,0.3629447303647401,0.018104226008859525,0.015054487937939287,0.001,0,0.014054487937939286
extreme,DOGEUSDT,1,1763654999999,1763655000000,1763658600000,0.15412,0.14948,0.15435118,0.14925578,-0.024672040577644775,-5.4327856122326565,15.961477232564816,-0.3200337744271651,0.4018264840182616,-0.03010641058915131,-0.03301173337320773,0.001,0,-0.03401173337320773
extreme,BNBUSDT,1,1763710499999,1763710500000,1763714100000,823.95,834.48,825.1859250000001,833.22828,-0.03197846248125331,-9.50005260776791,22.669862354139394,-0.4140392525463641,0.4957862281603292,0.012779901693063866,0.009746112671517038,0.001,-0.00002824,0.008717872671517036
extreme,BTCUSDT,1,1763710499999,1763710500000,1763714100000,83342.6,84058.2,83467.61390000001,83932.1127,-0.024128604749332518,-8.757501466466987,24.757291865131737,-0.3880430749905507,0.535539450950278,0.008586245209532661,0.005565018314246828,0.001,-0.00004524,0.004519778314246828
extreme,DOGEUSDT,1,1763710499999,1763710500000,1763714100000,0.13762,0.14096,0.13782643,0.14074856000000002,-0.055532495869672474,-11.922381823817155,19.30766981671047,-0.28930872561865484,0.3189577717879602,0.02426972823717488,0.021201521362774978,0.001,0.00008081,0.020282331362774977
extreme,ETHUSDT,1,1763710499999,1763710500000,1763714100000,2681.51,2731.96,2685.5322650000003,2727.8620600000004,-0.032073083709642125,-7.2632073054909805,16.320547945398495,-0.2930424594978256,0.3291042882517115,0.018814026425409525,0.015762162142557656,0.001,-0.00001947,0.014742692142557655
extreme,LTCUSDT,1,1763710499999,1763710500000,1763714100000,82.65,84.59,82.77397500000001,84.463115,-0.04193436858606115,-6.94813041237308,23.41167877910397,-0.3033168992020856,0.430420711974109,0.023472474289171208,0.020406655594345846,0.001,-0.00007522,0.019331435594345844
extreme,SOLUSDT,1,1763710499999,1763710500000,1763714100000,124.72,127.8,124.90708000000001,127.6083,-0.03915286657287705,-8.220026261338361,14.70874493592274,-0.32335323858653175,0.44047619047619124,0.024695317511225223,0.021625835781286407,0.001,-0.00005033,0.020575505781286405
extreme,BTCUSDT,1,1763727899999,1763727900000,1763731500000,81057.9,83592.7,81179.48685,83467.31095,-0.011889317464943013,-4.205630628183343,6.041492135051006,-0.32893833544802387,0.2632727272727296,0.031271473847706455,0.028182293197139163,0.001,0,0.027182293197139162
extreme,ETHUSDT,1,1763727899999,1763727900000,1763731500000,2632.14,2733.62,2636.08821,2729.51957,-0.01958918024281035,-4.381740793444061,4.433440723397465,-0.26979878593695794,0.2501029230135881,0.038554180248771,0.03544318420209458,0.001,0,0.03444318420209458
extreme,ETHUSDT,1,1764547799999,1764547800000,1764551400000,2935.23,2850.04,2939.632845,2845.76494,-0.018520547735363067,-4.475020937729566,31.070695536589167,-0.25250640005150204,0.33403666095212914,-0.029023279266020108,-0.03193184657725512,0.001,0,-0.03293184657725512
extreme,LTCUSDT,1,1764603299999,1764603300000,1764606900000,75.06,75.28,75.17259,75.16708,-0.017692566074564372,-4.3011257296614565,8.604519815002147,-0.49246972201848904,0.3511450381679336,0.002930988542499291,-0.00007329799332445042,0.001,0.00003995,-0.0010333479933244505
extreme,ETHUSDT,-1,1764688499999,1764688500000,1764692100000,2954.09,3015.94,2949.6588650000003,3020.4639100000004,0.02065814651204695,5.157424150524967,10.264871434609883,0.26500898864118794,0.30314807617566847,-0.02093707368428177,-0.024004486023843974,0.001,0.00004147,-0.024963016023843976
extreme,LTCUSDT,1,1764953099999,1764953100000,1764956700000,80.18,80.18,80.30027000000001,80.05973000000002,-0.015103035284089744,-4.309820690991303,8.199093226628353,-0.3342854332554541,0.3043478260869628,0,-0.0029955067398901303,0.001,0,-0.00399550673989013
extreme,ETHUSDT,1,1765117499999,1765117500000,1765121100000,2968.63,2954.99,2973.082945,2950.557515,-0.01901215711492523,-5.544938297076275,32.3212072733669,-0.3680769967746572,0.3408736349454008,-0.004594712038886728,-0.007576455287896522,0.001,0,-0.008576455287896523
extreme,ETHUSDT,-1,1765128299999,1765128300000,1765131900000,3090.86,3140.78,3086.22371,3145.4911700000002,0.02009799324988117,5.715699712323694,10.937416236963351,0.3672568409640111,0.33333333333332954,-0.016150844748710647,-0.01920387683108049,0.001,0,-0.02020387683108049
extreme,LTCUSDT,1,1765810799999,1765810800000,1765814400000,79.56,77.79,79.67934000000001,77.67331500000002,-0.013483350337286988,-4.55012914979636,18.80207780517389,-0.3403393844584417,0.4512195121951234,-0.02224736048265452,-0.025176225104274086,0.001,0,-0.026176225104274087
extreme,DOGEUSDT,1,1766702999999,1766703000000,1766706600000,0.12397,0.1235,0.124155955,0.12331475,-0.0188579299918906,-5.539779796856026,27.849883004358603,-0.3338228456353013,0.3379790940766532,-0.003791239816084535,-0.006775389871553017,0.001,0,-0.007775389871553017
extreme,LINKUSDT,1,1767010199999,1767010200000,1767013800000,12.339,12.337,12.357508500000002,12.3184945,-0.014800784986917413,-4.140948741280733,17.284884820948495,-0.27613305420110934,0.31963470319634657,-0.00016208768944003804,-0.003157108894564109,0.001,0,-0.004157108894564109
extreme,BNBUSDT,-1,1767190499999,1767190500000,1767194100000,876.01,864.94,874.6959850000001,866.2374100000001,0.008218611966140156,4.155888659487621,6.222339362071731,0.3340333828230515,0.379310344827597,0.012636842045182006,0.009670302762393446,0.001,0,0.008670302762393445
extreme,BNBUSDT,-1,1767368699999,1767368700000,1767372300000,880.72,885.31,879.3989200000001,886.637965,0.007624967845465544,4.736026972435171,5.698746337498793,0.4512504972889084,0.3026315789473586,-0.005211645017712652,-0.00823181020054009,0.001,0.00005392,-0.00917789020054009
extreme,LTCUSDT,1,1767425099999,1767425100000,1767428700000,81.31,81.63,81.431965,81.507555,-0.010886291842388058,-4.677701277418825,8.138852145546558,-0.3394996734829909,0.5000000000000169,0.003935555282253089,0.0009282595599895416,0.001,-0.00008646,-0.00015820044001045846
extreme,LTCUSDT,1,1767452099999,1767452100000,1767455700000,80.92,81.31,81.04138,81.18803500000001,-0.012161565039275521,-5.184003794643607,5.640905937962677,-0.2946582671626282,0.2807017543859623,0.0048195748887791545,0.001809631079826346,0.001,0,0.000809631079826346
extreme,DOGEUSDT,-1,1767486899999,1767486900000,1767490500000,0.14647,0.14597,0.146250295,0.146188955,0.013955473454010948,4.3861279999952005,5.505718381004625,0.3789941490105424,0.26315789473684487,0.0034136683279852864,0.0004194179574132928,0.001,0,-0.0005805820425867072
extreme,DOGEUSDT,1,1767553799999,1767553800000,1767557400000,0.14852,0.14996,0.14874278000000002,0.14973506000000003,-0.019468579431804963,-5.939303450047846,12.459212118773506,-0.2836797046841548,0.25222551928783193,0.009695663883652061,0.006671113717250821,0.001,0,0.0056711137172508206
extreme,ETHUSDT,-1,1767708899999,1767708900000,1767712500000,3273.96,3279.65,3269.0490600000003,3284.5694750000002,0.011569559458377548,5.503181909821051,14.556358771127456,0.33497870244880557,0.2899294419499683,-0.0017379564808366332,-0.004747684942972397,0.001,0,-0.005747684942972397
extreme,DOGEUSDT,1,1767715799999,1767715800000,1767719400000,0.14749,0.1457,0.14771123500000002,0.14548145,-0.016474837203504872,-4.694258845830053,29.909268574561445,-0.39357119290365883,0.6618985695708726,-0.012136416028205366,-0.015095568052084896,0.001,0,-0.016095568052084896
extreme,BNBUSDT,1,1767722399999,1767722400000,1767726000000,894.21,901.35,895.551315,899.9979750000001,-0.013595224557831685,-8.255730793239708,12.639656448544907,-0.40528789269435717,0.29729729729731,0.007984701580165732,0.004965276612876268,0.001,0,0.003965276612876268
extreme,LINKUSDT,1,1767722399999,1767722400000,1767726000000,13.511,13.649,13.5312665,13.6285265,-0.015932204409968866,-5.532854335481973,4.802885550548101,-0.2943156523182886,0.3795620437956212,0.010213899785360026,0.0071877972398224355,0.001,0,0.0061877972398224354
extreme,DOGEUSDT,1,1767853199999,1767853200000,1767856800000,0.14328,0.14327,0.14349492,0.14305509500000002,-0.015030585997883174,-4.005695013227178,6.901482831631212,-0.312505923340174,0.35955056179775297,-0.00006979341150181728,-0.0030650910847573876,0.001,0,-0.004065091084757388
extreme,DOGEUSDT,1,1768146599999,1768146600000,1768150200000,0.1376,0.13888,0.1378064,0.13867168000000002,-0.017433088090495163,-4.494204971086425,46.079656317710686,-0.27352743270460433,0.36666666666667247,0.009302325581395321,0.006278953662529618,0.001,-9.3e-7,0.005278023662529619
extreme,XRPUSDT,1,1768162799999,1768162800000,1768166400000,2.0496,2.0613,2.0526744,2.05820805,-0.012798313143309509,-4.005142089141984,17.31340782271842,-0.2775933492613821,0.32307692307691677,0.00570843091334905,0.002695824530183799,0.001,0,0.001695824530183799
extreme,LTCUSDT,1,1768336799999,1768336800000,1768340400000,76.47,76.84,76.584705,76.72474000000001,-0.010536682848128847,-4.095137394439749,3.0258644239651775,-0.3060898468493062,0.2765957446808421,0.00483849875768283,0.0018284982621532553,0.001,0,0.0008284982621532553
extreme,BTCUSDT,-1,1768342499999,1768342500000,1768346100000,95575.9,95695.3,95432.53615,95838.84295,0.016201518843053875,9.38266889593917,26.237208406349588,0.2587614781324814,0.5778585532220429,-0.001249268905655132,-0.004257529102667634,0.001,0,-0.005257529102667634
extreme,LTCUSDT,1,1768430699999,1768430700000,1768434300000,76.59,76.59,76.704885,76.475115,-0.0119419903101529,-4.278453222589628,6.852490543381177,-0.42087098907684284,0.3207547169811346,0,-0.0029955067398902413,0.001,0,-0.003995506739890241
extreme,LTCUSDT,1,1768448399999,1768448400000,1768452000000,73.33,74.47,73.439995,74.358295,-0.029431674843830056,-10.263014295051892,4.348868370391439,-0.26109507806521637,0.2826086956521635,0.01554616118914498,0.012504085818633381,0.001,0,0.01150408581863338
extreme,LTCUSDT,1,1768577699999,1768577700000,1768581300000,71.32,71.88,71.42698,71.77218,-0.013092109004942865,-4.186999047395184,11.32098157185792,-0.2935583023871968,0.42608695652173784,0.007851934941110583,0.00483290767718314,0.001,0.0000273,0.0038602076771831403
extreme,BNBUSDT,-1,1768665299999,1768665300000,1768668900000,955.41,951.16,953.976885,952.5867400000001,0.008672534212953343,4.7264598816952565,42.756868669392865,0.33689629822449896,0.4213576158940409,0.004448352016411805,0.0014572103599763686,0.001,0,0.0004572103599763686
extreme,LTCUSDT,1,1768778999999,1768779000000,1768782600000,73.13,69.25,73.239695,69.146125,-0.019365491094476,-6.06825651716453,32.966312234421466,-0.3860764639588362,0.4112149532710258,-0.05305620128538213,-0.05589277781672908,0.001,0.00001732,-0.05687545781672908
extreme,ETHUSDT,1,1768781099999,1768781100000,1768784700000,3257.4,3213.01,3262.2861000000003,3208.1904850000005,-0.011006316408103857,-4.399235763846547,54.532051259402095,-0.3227424206195668,0.623412640490442,-0.013627432921962224,-0.01658211859468728,0.001,0,-0.01758211859468728
extreme,ETHUSDT,1,1768948499999,1768948500000,1768952100000,2934.68,2946.67,2939.08202,2942.249995,-0.020155545877358478,-8.153316789669425,11.106002154284127,-0.3294485794348406,0.32937249666221685,0.004085624327013537,0.0010778790719152553,0.001,0,0.00007787907191525532
extreme,ETHUSDT,-1,1769008799999,1769008800000,1769012400000,3017.77,2976.63,3013.2433450000003,2981.0949450000003,0.014536328284186377,5.69237525296885,8.658147535148753,0.25279364635724333,0.265619993591796,0.013632583000029785,0.010669035427671392,0.001,0.00001113,0.00968016542767139
extreme,DOGEUSDT,-1,1769024399999,1769024400000,1769028000000,0.12674,0.12689,0.12654989,0.12708033500000002,0.025170119461139492,7.127849672048127,6.1762580271121434,0.2626800794511901,0.49090909090908175,-0.0011835253274421476,-0.004191587997429469,0.001,0,-0.005191587997429469
extreme,SOLUSDT,1,1769357099999,1769357100000,1769360700000,123.8,122.4,123.98570000000001,122.21640000000001,-0.015310306676243909,-5.234287980386223,68.1835405723185,-0.26968374743292844,0.5128205128205112,-0.011308562197091976,-0.014270194062702357,0.001,0,-0.015270194062702358
extreme,DOGEUSDT,1,1769699099999,1769699100000,1769702700000,0.11774,0.11556,0.11791661,0.11538666,-0.015676680087486385,-4.956508420151357,20.653295922691914,-0.27828659245359477,0.3827160493827194,-0.018515372855444245,-0.02145541667115436,0.001,0.0000892,-0.02236621667115436
extreme,BNBUSDT,1,1769701499999,1769701500000,1769705100000,858.64,861.16,859.92796,859.86826,-0.011440871452302225,-5.794632196306871,9.999266574331681,-0.4289803240970719,0.2620578778135029,0.00293487375384327,-0.00006942442015722694,0.001,-0.0000228,-0.0010922244201572269
extreme,LINKUSDT,1,1769701499999,1769701500000,1769705100000,10.894,11.009,10.910341,10.9924865,-0.013854929493554958,-4.376937310153885,9.965389487595681,-0.34232050916476375,0.36111111111110655,0.010556269506150295,0.007529141389806204,0.001,0.0000941,0.006623241389806204
extreme,BNBUSDT,1,1769737199999,1769737200000,1769740800000,853.95,843.6,855.2309250000001,842.3346,-0.009022827961597884,-4.4880315065222325,4.809282671569012,-0.3132238470855431,0.3182795698924786,-0.012120147549622318,-0.015079348305839235,0.001,0,-0.016079348305839236
extreme,BTCUSDT,1,1769737199999,1769737200000,1769740800000,82851.5,81836.7,82975.77725,81713.94495,-0.011330651425233075,-5.620924105010231,9.687985541300801,-0.3478797903185842,0.40242424242424635,-0.012248420366559487,-0.01520723688068848,0.001,0,-0.01620723688068848
extreme,BNBUSDT,1,1769797499999,1769797500000,1769801100000,834.23,855.49,835.481345,854.206765,-0.013986408460256491,-6.449367453818232,5.062385278543608,-0.2780475841124531,0.33283803863298705,0.02548457859343345,0.022412732626603482,0.001,0,0.02141273262660348
extreme,BTCUSDT,1,1769797499999,1769797500000,1769801100000,81983.6,84382.8,82106.57540000002,84256.22580000001,-0.010681469460497995,-4.939326876337777,3.2329696258028195,-0.25047804748798197,0.3821158690176249,0.02926438946325849,0.02618122104749232,0.001,0,0.02518122104749232
extreme,BTCUSDT,1,1769879699999,1769879700000,1769883300000,78816,78595.9,78934.224,78478.00615,-0.018901127667339212,-8.163714203645824,21.322366521939156,-0.2576862990997544,0.5294928154320613,-0.002792580186764204,-0.005779721733883192,0.001,0,-0.006779721733883192
extreme,BTCUSDT,1,1769885099999,1769885100000,1769888700000,77518.8,77482.6,77635.0782,77366.37610000001,-0.011302164258809266,-4.7839933145465166,19.90767323561328,-0.36708746481681587,0.9585635359116024,-0.0004669834930365324,-0.0034610913807258115,0.001,0,-0.0044610913807258115
extreme,SOLUSDT,1,1769885099999,1769885100000,1769888700000,100.2,101.8,100.3503,101.6473,-0.031533480546119215,-8.973223925372086,18.288424927202854,-0.30271587805022704,0.7025411061285507,0.015968063872255467,0.012924724689412859,0.001,0,0.011924724689412858
extreme,BNBUSDT,1,1769956799999,1769956800000,1769960400000,747.63,749.1,748.751445,747.97635,-0.015738952205002814,-6.26296469472619,5.01097151275317,-0.26975125490949947,0.2839999999999994,0.0019662132338189586,-0.0010351833110652242,0.001,0,-0.0020351833110652242
extreme,DOGEUSDT,-1,1770134399999,1770134400000,1770138000000,0.11012,0.10638,0.10995482,0.10653957000000001,0.02092203311040952,4.769842515634338,3.7242326289193857,0.31420152514825683,0.30894308943089993,0.03396294950962575,0.031060484660881404,0.001,0,0.030060484660881404
extreme,BTCUSDT,1,1770260399999,1770260400000,1770264000000,71429.1,71199,71536.24365,71092.20150000001,-0.015518250948368008,-4.956486828877515,3.802420717129546,-0.2920865554205734,0.3091823430806515,-0.0032213761618165027,-0.006207233247702004,0.001,0,-0.007207233247702004
extreme,BTCUSDT,1,1770336299999,1770336300000,1770339900000,62247.7,64219.3,62341.07155,64122.97105000001,-0.01762285707921199,-4.881807065653665,3.623484579226094,-0.25578749384138544,0.3303617349562849,0.031673459420990646,0.02858307461992937,0.001,0,0.02758307461992937
extreme,DOGEUSDT,1,1771808999999,1771809000000,1771812600000,0.09224,0.09284,0.09237836,0.09270074000000002,-0.029377746941287534,-6.987925802401363,15.309758182835415,-0.2992468285078411,0.2758620689655191,0.0065047701647875655,0.00348977834202735,0.001,0,0.00248977834202735
extreme,XRPUSDT,-1,1771839299999,1771839300000,1771842900000,1.3896,1.3937,1.3875156,1.39579055,0.017202383918049107,4.427387172020965,6.870368766795241,0.27452444512836327,0.25000000000000544,-0.002950489349452967,-0.005963860874789617,0.001,0,-0.006963860874789617
extreme,LTCUSDT,1,1772259599999,1772259600000,1772263200000,53.7,52.46,53.780550000000005,52.381310000000006,-0.015157406641711405,-4.470670782691365,23.184790421406706,-0.25483379608665946,0.4388489208633088,-0.023091247672253346,-0.02601758442410873,0.001,0,-0.02701758442410873
extreme,BTCUSDT,1,1772260199999,1772260200000,1772263800000,64527.8,63472.1,64624.591700000004,63376.89185,-0.014382848500068011,-5.348362689362831,5.7566655470397805,-0.2541087765959553,0.29195662728597027,-0.016360390405375735,-0.01930688948553938,0.001,0,-0.02030688948553938
extreme,LTCUSDT,-1,1772286899999,1772286900000,1772290500000,52.8,52.32,52.7208,52.398480000000006,0.016999740873078102,4.830359896896324,4.447629040303314,0.2691250193007493,0.2765957446808572,0.009090909090909038,0.006113716028588123,0.001,0,0.005113716028588123
extreme,ETHUSDT,-1,1772330099999,1772330100000,1772333700000,2005.12,2035.56,2002.11232,2038.61334,0.01824921429479486,4.966565086902684,9.90636627115169,0.3102840054630869,0.5185810810810834,-0.015181136291094743,-0.01823125487784827,0.001,0,-0.01923125487784827
extreme,BNBUSDT,-1,1772464199999,1772464200000,1772467800000,642.52,652.22,641.55622,653.19833,0.014911724881863285,5.263241681767934,11.689497062603937,0.2585087647150486,0.3203252032520381,-0.015096806325094914,-0.01814667154189542,0.001,0,-0.01914667154189542
extreme,BTCUSDT,-1,1772614799999,1772614800000,1772618400000,70993.7,71487.1,70887.20945,71594.33065,0.016040645598565495,5.1225079012708505,5.808152421387313,0.3270998963967593,0.3682613352374223,-0.006949912457020924,-0.009975300276120702,0.001,0,-0.010975300276120703
extreme,DOGEUSDT,1,1772664299999,1772664300000,1772667900000,0.09988,0.0994,0.10002982,0.0992509,-0.021885311769351608,-4.937925325628128,10.147189212953963,-0.33221168950835345,0.5214723926380349,-0.004805766920304322,-0.0077868779529944865,0.001,0,-0.008786877952994487
extreme,BTCUSDT,-1,1773110699999,1773110700000,1773114300000,70290.1,69814.5,70184.66485000002,69919.22175,0.01370996089579384,4.208187444700092,4.561634366887035,0.2726195380579235,0.27426438296004907,0.006766244464014193,0.003782066931107053,0.001,0,0.002782066931107053
extreme,BNBUSDT,-1,1773614699999,1773614700000,1773618300000,673.85,674.15,672.839225,675.1612250000001,0.010052584355717918,4.0830973726610535,8.868467184710779,0.35012876250568836,0.4289855072463764,-0.00044520293833927305,-0.0034510473137174813,0.001,0,-0.004451047313717481
extreme,LINKUSDT,-1,1773614699999,1773614700000,1773618300000,9.419,9.471,9.4048715,9.4852065,0.0160534269469845,4.201482658396082,6.886347965225394,0.2786412158084284,0.3970588235294029,-0.005520755918887232,-0.008541849827506942,0.001,0,-0.009541849827506943
extreme,XRPUSDT,-1,1773614699999,1773614700000,1773618300000,1.4512,1.4469,1.4490232,1.4490703500000002,0.015624775354082516,4.824794621518428,19.1988087387692,0.2934650438164641,0.5,0.0029630650496140776,-0.00003253916155387948,0.001,0,-0.0010325391615538795
extreme,LINKUSDT,1,1774137299999,1774137300000,1774140900000,8.875,8.833,8.888312500000001,8.819750500000001,-0.020738841174598923,-5.998859446849016,39.49275690516733,-0.3192885630371911,0.2875816993463992,-0.004732394366197212,-0.007713725186867637,0.001,0.00004838,-0.008665345186867637
extreme,XRPUSDT,1,1774137299999,1774137300000,1774140900000,1.412,1.409,1.414118,1.4068865000000002,-0.016504922198245984,-5.34061169920878,47.48963971413658,-0.2541801608941602,0.28378378378378255,-0.0021246458923511735,-0.0051137882411509406,0.001,0.00009004,-0.00602374824115094
extreme,BNBUSDT,1,1774607999999,1774608000000,1774611600000,611.27,610.97,612.186905,610.0535450000001,-0.012598822250139067,-5.432826567777735,30.26412302676794,-0.41183521799266354,0.2595785440613048,-0.0004907814877221917,-0.0034848180883579882,0.001,0,-0.004484818088357988
extreme,LINKUSDT,1,1774824599999,1774824600000,1774828200000,8.219,8.406,8.2313285,8.393391000000001,-0.024277120671647494,-6.978566390824565,19.75390807747348,-0.251272761302044,0.26666666666667366,0.022752159630125446,0.019688498642716157,0.001,0,0.018688498642716156
extreme,BNBUSDT,1,1774951199999,1774951200000,1774954800000,600.44,602.7,601.3406600000001,601.7959500000001,-0.009596732224824081,-4.292344653723048,20.535584208912347,-0.30342653281334275,0.3092436974790005,0.003763906468589706,0.0007571249215045928,0.001,0,-0.00024287507849540726
extreme,SOLUSDT,-1,1775315399999,1775315400000,1775319000000,81.16,80.91,81.03826,81.03136500000001,0.016901110640410603,4.773818457824408,36.498174720679486,0.27288212133092116,0.4899999999999949,0.0030803351404632417,0.00008508326807588062,0.001,-0.00003973,-0.0009546467319241194
extreme,BNBUSDT,1,1775558399999,1775558400000,1775562000000,598.62,598.17,599.5179300000001,597.272745,-0.008334282648037462,-4.302742461035516,12.74339591140783,-0.3081836572313281,0.25185185185185016,-0.0007517289766463264,-0.003744983907320476,0.001,0,-0.004744983907320476
extreme,BTCUSDT,-1,1775596499999,1775596500000,1775600100000,69949.9,70261.9,69844.97515,70367.29285,0.00954650903505199,4.3032249825473965,7.753919069361065,0.2665684304346101,0.7345080763583137,-0.004460335182752129,-0.007478243050101474,0.001,0,-0.008478243050101475
extreme,ETHUSDT,-1,1775596499999,1775596500000,1775600100000,2141.08,2158.36,2137.86838,2161.59754,0.012468292125301707,4.399981357097825,6.8161486320394955,0.2888441610356387,0.7370068879148274,-0.008070693294972786,-0.011099448507676746,0.001,0,-0.012099448507676747
extreme,SOLUSDT,-1,1775754299999,1775754300000,1775757900000,84.04,84.2,83.91394000000001,84.3263,0.012812244949902594,4.070408543762384,6.531747308678446,0.3690433014685377,0.33846153846154114,-0.0019038553069965491,-0.004914082213276938,0.001,0,-0.005914082213276938
extreme,SOLUSDT,-1,1775773199999,1775773200000,1775776800000,85.39,83.65,85.261915,83.77547500000001,0.012611399395231558,4.017819536063683,10.031048082803942,0.3330870757304265,0.4263565891472936,0.02037709333645621,0.01743380969099728,0.001,0,0.01643380969099728
extreme,ETHUSDT,-1,1775933399999,1775933400000,1775937000000,2304.44,2315,2300.98334,2318.4725000000003,0.013495151300899563,4.690910104625046,6.00998100712643,0.25151054229153025,0.3222297756628297,-0.004582458211105589,-0.00760073299791908,0.001,0,-0.00860073299791908
extreme,BNBUSDT,1,1775957999999,1775958000000,1775961600000,601.07,597.29,601.9716050000001,596.394065,-0.009487847175812743,-4.996169581879639,18.432392769472195,-0.2882467835719217,0.4423076923077077,-0.006288785000083341,-0.009265453642120058,0.001,0,-0.01026545364212006
extreme,DOGEUSDT,1,1775957999999,1775958000000,1775961600000,0.09185,0.09132,0.09198777500000001,0.09118302,-0.013089050517003372,-4.980361388300921,20.415597240799716,-0.27069992509665897,0.469565217391304,-0.0057702776265651234,-0.008748499460933812,0.001,0,-0.009748499460933813
extreme,LTCUSDT,1,1775957999999,1775958000000,1775961600000,54.42,54.05,54.501630000000006,53.968925,-0.007869013063348532,-4.062121763543794,13.660213389755393,-0.25693423739202836,0.523809523809519,-0.006798970966556461,-0.009774111343092029,0.001,0,-0.01077411134309203
extreme,SOLUSDT,1,1775957999999,1775958000000,1775961600000,83.58,82.57,83.70537,82.446145,-0.013429401423690144,-4.38034024662887,17.280372184165614,-0.32000151409337985,0.4318181818181789,-0.012084230677195551,-0.015043539022645769,0.001,0,-0.01604353902264577
extreme,BNBUSDT,-1,1776118799999,1776118800000,1776122400000,614.72,616.5,613.7979200000001,617.42475,0.009135169954418054,4.839428975114457,10.02024387539888,0.2613280640147384,0.25,-0.0028956272774596226,-0.005908833969329619,0.001,0,-0.006908833969329619
extreme,SOLUSDT,-1,1776119099999,1776119100000,1776122700000,85.66,86.26,85.53151,86.38939,0.017307784727671634,5.7443723390433385,4.46522312200381,0.2966750017953885,0.4693877551020402,-0.007004436142890702,-0.010029987778773064,0.001,0,-0.011029987778773065
extreme,DOGEUSDT,1,1776349499999,1776349500000,1776353100000,0.09465,0.09626,0.094791975,0.09611561,-0.013225762219261137,-5.107587035351511,5.71128429159396,-0.34565429556907445,0.42105263157895023,0.017010036978341248,0.013963576558036817,0.001,0,0.012963576558036816
extreme,LTCUSDT,-1,1776354599999,1776354600000,1776358200000,55.77,55.42,55.686345,55.503130000000006,0.00774150954224997,4.133773686075211,4.205894840915881,0.29300925676128053,0.8,0.0062757755065447896,0.0032901243563390192,0.001,0.0001,0.002390124356339019
extreme,BTCUSDT,-1,1776824399999,1776824400000,1776828000000,76981.6,77383.8,76866.1276,77499.8757,0.00941787782956688,4.39263071035593,7.78294334778971,0.2976690603384904,0.35320788936747094,-0.005224625105219927,-0.00824482928680803,0.001,0,-0.009244829286808032
extreme,BNBUSDT,-1,1776865499999,1776865500000,1776869100000,651.07,649.14,650.0933950000001,650.11371,0.009242680577890456,5.141967760232115,32.18084945619385,0.41201822155529944,0.4057507987220395,0.002964350991444986,-0.000031249356101881176,0.001,0,-0.0010312493561018812
extreme,ETHUSDT,-1,1777846499999,1777846500000,1777850100000,2346.99,2337.79,2343.469515,2341.2966850000003,0.010175197313288895,4.606015573340162,15.71819186778241,0.4912768456459524,0.29140786749483405,0.003919914443606398,0.0009271850929110093,0.001,0,-0.00007281490708899076
extreme,SOLUSDT,-1,1777860299999,1777860300000,1777863900000,84.93,85.29,84.80260500000001,85.41793500000001,0.008513708750017336,4.156883029187221,19.50298880291235,0.2831872521728336,0.6666666666666587,-0.004238784881667179,-0.0072560270996391285,0.001,0,-0.00825602709963913
extreme,DOGEUSDT,-1,1778018099999,1778018100000,1778021700000,0.11545,0.11547,0.115276825,0.11564320500000001,0.013693467643101757,4.438051137536889,7.33922328585582,0.4130152112519079,0.28025477707006075,-0.00017323516673894979,-0.003178262413108701,0.001,0,-0.004178262413108701
extreme,ETHUSDT,1,1778164799999,1778164800000,1778168400000,2291.74,2293.81,2295.1776099999997,2290.369285,-0.008524704468388595,-4.033505902773264,7.826731176916297,-0.3173218252251385,0.38712306438467864,0.000903243823470401,-0.0020949685893805192,0.001,0,-0.0030949685893805192
extreme,LINKUSDT,1,1778164799999,1778164800000,1778168400000,9.828,9.873,9.842742,9.8581905,-0.010929070532190317,-4.703232703874394,13.162914602232794,-0.35434485227732304,0.4303797468354356,0.0045787545787545625,0.0015695321486635105,0.001,0,0.0005695321486635105
extreme,DOGEUSDT,1,1778167799999,1778167800000,1778171400000,0.10761,0.10821,0.10777141500000001,0.108047685,-0.01567574745480874,-4.9245191891501,28.5627887091279,-0.3322338806459558,0.551020408163267,0.005575689991636601,0.0025634812347967717,0.001,-0.00001665,0.0015468312347967717
extreme,SOLUSDT,-1,1778433899999,1778433900000,1778437500000,95.75,96.64,95.606375,96.78496000000001,0.008811553918354581,4.046698504179061,9.791470471751998,0.36247804072668743,0.26530612244897306,-0.009295039164490815,-0.012327472932636585,0.001,0,-0.013327472932636586
extreme,DOGEUSDT,1,1778445899999,1778445900000,1778449500000,0.10882,0.10849,0.10898323,0.108327265,-0.012964666207569213,-4.024520926558862,5.089434368272,-0.4041502683574816,0.28409090909090745,-0.0030325307847821614,-0.006018953558267537,0.001,0,-0.007018953558267537
extreme,BNBUSDT,-1,1778452199999,1778452200000,1778455800000,665.47,665.22,664.471795,666.21783,0.01463769352048076,9.16467659376286,13.771329431913243,0.30279179184151084,0.3407258064516063,0.0003756743354320635,-0.002627703708627749,0.001,0,-0.003627703708627749
extreme,BNBUSDT,-1,1778540099999,1778540100000,1778543700000,670.25,670.62,669.244625,671.62593,0.008691146338551819,5.341858188065938,25.076773849989223,0.40469682858998857,0.25547445255474366,-0.0005520328235733007,-0.0035581981700636423,0.001,0,-0.004558198170063642
extreme,BNBUSDT,-1,1778634899999,1778634900000,1778638500000,674.88,679.24,673.8676800000001,680.25886,0.010336702105017904,6.076523076427967,18.24181348264647,0.30823224911887004,0.33956834532374075,-0.0064604077761971634,-0.009484324875174144,0.001,0,-0.010484324875174145
extreme,LINKUSDT,1,1778675699999,1778675700000,1778679300000,10.357,10.303,10.3725355,10.287545500000002,-0.011710634886062863,-4.323708027187967,8.728422590600026,-0.29428147003493765,0.4751773049645402,-0.005213865018827701,-0.008193753590913011,0.001,0,-0.009193753590913012
extreme,LINKUSDT,1,1778680199999,1778680200000,1778683800000,10.186,10.187,10.201279000000001,10.1717195,-0.011420886500518174,-4.179790920184765,11.963167156322966,-0.35393170370802896,0.35766423357664207,0.00009817396426470282,-0.002897626856397273,0.001,0,-0.003897626856397273
extreme,XRPUSDT,1,1778779799999,1778779800000,1778783400000,1.4735,1.5338,1.4757102500000001,1.5314993000000001,-0.011739441256603873,-5.594263935567729,5.185668794243099,-0.26775199911406233,0.43076923076924023,0.04092297251442156,0.03780488073454791,0.001,0,0.03680488073454791
extreme,ETHUSDT,1,1778915699999,1778915700000,1778919300000,2190.68,2193.11,2193.96602,2189.8203350000003,-0.010764972619406022,-5.405365685465259,23.13051290627657,-0.2758564859569751,0.35967302452315736,0.0011092446181095728,-0.0018895848715102526,0.001,-0.00004496,-0.0029345448715102527
extreme,BNBUSDT,1,1778923199999,1778923200000,1778926800000,653.68,652.98,654.66052,652.00053,-0.012708235176461604,-6.662098649723453,10.805369868931791,-0.2743081613133732,0.2697495183044244,-0.0010708603598089672,-0.004063159330273902,0.001,0,-0.005063159330273902
extreme,ETHUSDT,1,1778923199999,1778923200000,1778926800000,2168.02,2169.02,2171.27203,2165.76647,-0.011000110918679702,-5.473216172601864,15.921906453230202,-0.26434496481233194,0.29450980392157716,0.000461250357469023,-0.0025356380609757867,0.001,0,-0.0035356380609757867
extreme,LINKUSDT,1,1778923199999,1778923200000,1778926800000,9.685,9.651,9.6995275,9.636523500000001,-0.012417420572497536,-4.264948989923748,13.027083397525214,-0.30907601019591335,0.3282442748091541,-0.0035105833763552363,-0.006495574140080507,0.001,0,-0.007495574140080507
extreme,BNBUSDT,1,1779061499999,1779061500000,1779065100000,645.34,645.42,646.3080100000001,644.45187,-0.009730448332152251,-4.979061415751628,41.96018558868752,-0.32232480136074104,0.4630755864465721,0.00012396566151173793,-0.002871912418353162,0.001,0,-0.003871912418353162
extreme,BTCUSDT,1,1779061499999,1779061500000,1779065100000,77216,76982.3,77331.82400000001,76866.82655000001,-0.0074807557086696026,-4.491384958116596,66.61620544206001,-0.3136108255320046,0.5299161768956576,-0.0030265748031496065,-0.006013015417818068,0.001,0.00001131,-0.007001705417818069
extreme,DOGEUSDT,1,1779061499999,1779061500000,1779065100000,0.10743,0.1067,0.107591145,0.10653995000000001,-0.01615991581486492,-5.108825664638708,52.33892678296676,-0.286633211783364,0.5849514563106787,-0.006795122405287124,-0.009770274310213822,0.001,0.0000478,-0.010722474310213823
extreme,XRPUSDT,1,1779061499999,1779061500000,1779065100000,1.3889,1.3906,1.3909833500000002,1.3885141,-0.011525235845672816,-4.889231671796475,58.67190044546404,-0.29984032827159646,0.6509009009008992,0.001223990208078396,-0.0017751830027297189,0.001,0.00006795,-0.002707233002729719
extreme,DOGEUSDT,-1,1779104699999,1779104700000,1779108300000,0.10557,0.1062,0.105411645,0.1063593,0.014504071054672552,4.673639807835663,11.80450690489564,0.36915179005089227,0.48514851485148397,-0.0059676044330776445,-0.0089900409010788,0.001,0,-0.0099900409010788
extreme,DOGEUSDT,1,1779111599999,1779111600000,1779115200000,0.10482,0.10462,0.10497723,0.10446307,-0.013457367609836167,-4.310673257291663,6.305938173449684,-0.30031072470688436,0.5859872611464987,-0.001908032818164429,-0.004897824032887854,0.001,0,-0.005897824032887854
extreme,BTCUSDT,1,1779200399999,1779200400000,1779204000000,76443.4,76522.5,76558.06509999999,76407.71625,-0.006826160849040503,-4.386963240737975,5.294412481615389,-0.30768566317825996,0.3790350572717629,0.0010347525097000876,-0.0019638538383069948,0.001,0,-0.002963853838306995
extreme,BNBUSDT,1,1779475799999,1779475800000,1779479400000,652.14,651.18,653.11821,650.20323,-0.007835630165087225,-4.233253256601263,18.21505234768637,-0.28021482478278337,0.513719512195118,-0.0014720765479805387,-0.00446317367264959,0.001,0,-0.00546317367264959
extreme,BTCUSDT,1,1779478499999,1779478500000,1779482100000,75824.8,75909.3,75938.5372,75795.43605,-0.0065672701838896475,-4.279033303691372,22.666810696176185,-0.26247647297440835,0.27935429056923394,0.0011144111161520698,-0.0018844338497476798,0.001,0,-0.00288443384974768
extreme,LTCUSDT,1,1779493799999,1779493800000,1779497400000,52.46,52.57,52.53869,52.491145,-0.013819434315498588,-6.258497532946765,33.25960579047433,-0.3549589397503997,0.26732673267326906,0.0020968356843309444,-0.0009049521409840722,0.001,-0.00003622,-0.0019411721409840722
extreme,SOLUSDT,1,1779522599999,1779522600000,1779526200000,82.4,82,82.52360000000002,81.87700000000001,-0.018633706177140046,-7.288940967071633,36.90820551317604,-0.2566028818073327,0.35426008968609674,-0.004854368932038944,-0.007835334377075287,0.001,0.0001267,-0.008708634377075287
extreme,LTCUSDT,1,1779658799999,1779658800000,1779662400000,52.12,52.52,52.19818,52.44122000000001,-0.008977235344608559,-4.036351079874912,9.038616974870413,-0.33490087496749754,0.25,0.007674597083653145,0.004656101036472959,0.001,0,0.0036561010364729593
extreme,BNBUSDT,1,1779918299999,1779918300000,1779921900000,649.39,649.81,650.364085,648.835285,-0.007807566484949395,-4.4074516143457565,11.968997995207296,-0.4195319281746175,0.4061930783242285,0.0006467608062949992,-0.002350683309949475,0.001,0,-0.003350683309949475
extreme,ETHUSDT,1,1779918299999,1779918300000,1779921900000,2031.72,2028.86,2034.7675800000002,2025.81671,-0.01155369405157904,-5.150361656729666,14.569630965012129,-0.2665264682909655,0.3344840813195233,-0.0014076742858268876,-0.004398964327906207,0.001,0,-0.005398964327906207
extreme,LTCUSDT,1,1779918299999,1779918300000,1779921900000,51.86,52,51.93779,51.922000000000004,-0.009977058969047626,-4.675347674449464,9.597685570667755,-0.4184883898402523,0.2702702702702708,0.002699575780948704,-0.000304017556388092,0.001,0,-0.001304017556388092
extreme,DOGEUSDT,1,1779918599999,1779918600000,1779922200000,0.1001,0.10054,0.10025015,0.10038919,-0.013299124156976986,-4.483357967623109,13.190763597363159,-0.36260068856655814,0.6095890410958905,0.004395604395604602,0.0013869305931213383,0.001,0,0.00038693059312133824
extreme,BTCUSDT,1,1779938399999,1779938400000,1779942000000,73692.9,72955.8,73803.43935,72846.36630000001,-0.007939317193251813,-4.825069252745986,17.535394797187074,-0.43044504304638076,0.33118140735958684,-0.010002320440639312,-0.012967865162235026,0.001,0,-0.013967865162235027
extreme,LTCUSDT,1,1779938399999,1779938400000,1779942000000,51.27,50.64,51.34690500000001,50.564040000000006,-0.009705045118200799,-4.5152220850865366,23.81191187132175,-0.38187088103388933,0.3466666666666735,-0.012287887653598673,-0.015246585943203383,0.001,0,-0.016246585943203384
extreme,SOLUSDT,1,1779938399999,1779938400000,1779942000000,81.02,80.26,81.14153,80.13961,-0.0126312305414062,-4.8580493499215915,16.91831190627745,-0.2869210162270769,0.31617647058824044,-0.009380399901258829,-0.012347807590021964,0.001,0,-0.013347807590021965
extreme,SOLUSDT,-1,1780068899999,1780068900000,1780072500000,83.06,82.91,82.93541,83.03436500000001,0.011623814130282626,4.489950294705383,8.242205315525561,0.2796303024577891,0.25000000000001665,0.0018059234288466675,-0.0011931574221433205,0.001,0.00006335,-0.0021298074221433204
extreme,BTCUSDT,1,1780080899999,1780080900000,1780084500000,73300,73558.2,73409.95,73447.8627,-0.0067872825466655014,-4.129726858416501,8.626668832926036,-0.33129596535546946,0.4822779769016298,0.0035225102319236257,0.0005164517888924802,0.001,0,-0.0004835482111075198
extreme,BNBUSDT,1,1780244699999,1780244700000,1780248300000,713.91,713.54,714.980865,712.46969,-0.009549173762053081,-4.459289746421082,5.553578423687761,-0.3383097557671412,0.3716283716283633,-0.0005182726113935887,-0.003512226862183221,0.001,0,-0.004512226862183221
extreme,BNBUSDT,1,1780322099999,1780322100000,1780325700000,681.94,678.45,682.9629100000001,677.4323250000001,-0.010792783244753839,-4.322813200985599,3.991999877529646,-0.364670621688612,0.3002915451895124,-0.005117752294923283,-0.00809792877332094,0.001,0,-0.00909792877332094
extreme,BTCUSDT,1,1780366199999,1780366200000,1780369800000,70226.6,70986.3,70331.93990000001,70879.82055,-0.008171356535780208,-4.906703055438572,7.7299150889385455,-0.3332835087581846,0.3653771760154626,0.01081783825502014,0.007789926607725928,0.001,0,0.006789926607725928
extreme,DOGEUSDT,1,1780414199999,1780414200000,1780417800000,0.09503,0.09599,0.09517254500000001,0.095846015,-0.010779236807312347,-4.0331194238253785,8.433380569585568,-0.33973315751281863,0.2822580645161304,0.010102073029569558,0.007076305461832355,0.001,0.00001355,0.006089855461832355
extreme,BTCUSDT,1,1780428899999,1780428900000,1780432500000,66559.7,67159.4,66659.53955,67058.6609,-0.00891450132852151,-5.091990177981972,9.356001800504727,-0.29218158042138553,0.28224084113685516,0.009009956475164449,0.00598746034992681,0.001,0,0.00498746034992681
extreme,DOGEUSDT,1,1780428899999,1780428900000,1780432500000,0.09298,0.0936,0.09311947,0.0934596,-0.011335807409430113,-4.16130102267393,9.375284864471388,-0.2560819368312016,0.399999999999994,0.006668100666810117,0.0036526195864303723,0.001,0,0.0026526195864303723
extreme,BNBUSDT,1,1780440899999,1780440900000,1780444500000,647.18,651.58,648.15077,650.6026300000001,-0.011751377560933661,-4.364581173423067,7.957592390486776,-0.3427335168241896,0.5551601423487518,0.006798726783893372,0.003782854412099468,0.001,0,0.002782854412099468
extreme,DOGEUSDT,1,1780440899999,1780440900000,1780444500000,0.09229,0.09262,0.092428435,0.09248107,-0.01430824259443909,-5.164468347579793,4.891369935695751,-0.25890672942044346,0.4094488188976342,0.0035756853396899935,0.0005694676102652174,0.001,0,-0.0004305323897347826
extreme,ETHUSDT,1,1780440899999,1780440900000,1780444500000,1872.22,1858.28,1875.02833,1855.49258,-0.00951018647384186,-4.04860179571174,4.629862308736001,-0.37074743943397226,0.39963420210334033,-0.007445706167010346,-0.010418909243893881,0.001,0,-0.011418909243893882
extreme,ETHUSDT,-1,1780523099999,1780523100000,1780526700000,1828.87,1830.11,1826.126695,1832.855165,0.015356223597506718,6.01489637992844,4.239505630191648,0.34536791511851117,0.37318712415989347,-0.0006780142929787569,-0.0036845581516455894,0.001,0,-0.0046845581516455894
extreme,LTCUSDT,1,1780535999999,1780536000000,1780539600000,46.28,44.93,46.34942,44.862605,-0.012243735810608402,-5.027531202205367,4.8769181658324605,-0.2920578357625735,0.2820512820512984,-0.029170267934312877,-0.03207839494000142,0.001,0,-0.03307839494000142
extreme,BNBUSDT,1,1780638299999,1780638300000,1780641900000,589.91,582.65,590.794865,581.776025,-0.014188932533691015,-4.435288508226633,6.452124407574425,-0.3179863102018534,0.2997811816192537,-0.012306962078961203,-0.015265603230996239,0.001,0,-0.01626560323099624
extreme,DOGEUSDT,1,1780638599999,1780638600000,1780642200000,0.0853,0.08366,0.08542795,0.08353451,-0.013969959440200084,-4.128759848436561,4.652779714570174,-0.300168190547931,0.7424242424242558,-0.019226260257913297,-0.022164174605617926,0.001,0,-0.023164174605617927
extreme,LINKUSDT,1,1780638599999,1780638600000,1780642200000,7.69,7.486,7.701535000000001,7.4747710000000005,-0.017402952908664285,-4.640911627330713,3.4612921273763475,-0.3038353126945941,0.3968253968254042,-0.026527958387516315,-0.0294440004492611,0.001,0,-0.0304440004492611
extreme,ETHUSDT,-1,1781199299999,1781199300000,1781202900000,1671.38,1681.26,1668.8729300000002,1683.78189,0.022832719107906428,5.732244299787862,18.727972892177466,0.2510100062711529,0.3890198720107758,-0.005911282891981395,-0.008933550141531521,0.001,0,-0.009933550141531522
extreme,LINKUSDT,1,1781839199999,1781839200000,1781842800000,7.853,7.88,7.8647795,7.868180000000001,-0.017922983874917094,-4.216339662000857,20.54496223207098,-0.36027124290473933,0.26865671641791333,0.0034381764930599967,0.0004323706723119436,0.001,0,-0.0005676293276880564
extreme,BTCUSDT,-1,1782091799999,1782091800000,1782095400000,64618.4,64510.1,64521.472400000006,64606.865150000005,0.011732416878523246,5.516573838397632,15.050690076614291,0.26339946158731786,0.3623157444990367,0.001675993215554783,-0.0013234780116393452,0.001,0,-0.0023234780116393452
extreme,BTCUSDT,1,1782203099999,1782203100000,1782206700000,62209,62456.3,62302.313500000004,62362.61555000001,-0.00946972077000178,-4.562463260814206,6.513051787871922,-0.272053350000121,0.2730460921843707,0.003975309038884989,0.0009678942339759189,0.001,0,-0.00003210576602408113
extreme,BTCUSDT,-1,1782301799999,1782301800000,1782305400000,63070.5,62727.7,62975.894250000005,62821.79155,0.010170378686273528,4.9988084240612976,9.629941741510171,0.29007891055960133,0.26673058485138745,0.005435187607518599,0.002447010905287872,0.001,0,0.0014470109052878719
extreme,ETHUSDT,-1,1782301799999,1782301800000,1782305400000,1684.89,1673.25,1682.362665,1675.7598750000002,0.01441901573012135,5.149940547796413,15.068842095190327,0.2715549697726509,0.29288358700123024,0.006908462867012188,0.003924712630257954,0.001,0,0.002924712630257954
extreme,BNBUSDT,1,1782307499999,1782307500000,1782311100000,569.99,570.75,570.8449850000001,569.893875,-0.008803396534331202,-4.3903423986584595,18.443683631018693,-0.38081488412458486,0.2895622895622915,0.001333356725556678,-0.0016661440933918303,0.001,0,-0.0026661440933918304
extreme,LTCUSDT,1,1782307499999,1782307500000,1782311100000,41.51,41.64,41.572265,41.577540000000006,-0.01077983848786617,-4.232608477797219,7.556566103475545,-0.25779485811459546,0.38000000000000966,0.0031317754757891336,0.00012688748135336603,0.001,0,-0.000873112518646634
extreme,BNBUSDT,1,1782320099999,1782320100000,1782323700000,554.78,549.38,555.61217,548.55593,-0.011576775291569173,-5.785406068342954,23.990806245523054,-0.32360271861858236,0.4155672823218945,-0.009733588088972178,-0.012699937800138561,0.001,0,-0.013699937800138562
extreme,LTCUSDT,1,1782320099999,1782320100000,1782323700000,40.24,39.45,40.300360000000005,39.39082500000001,-0.013817145553141955,-5.412873069580872,22.71908099502005,-0.2875273327207334,0.30303030303030565,-0.019632206759443327,-0.022568905091666647,0.001,0,-0.023568905091666648
extreme,BNBUSDT,-1,1782396899999,1782396900000,1782400500000,554.18,549.92,553.3487299999999,550.74488,0.021927982841340125,9.955929742636224,8.951008270283442,0.40279892697528363,0.6673151750972683,0.007687033093940587,0.004705622076696447,0.001,0,0.0037056220766964474
extreme,LTCUSDT,1,1782477899999,1782477900000,1782481500000,40.44,40.78,40.50066,40.718830000000004,-0.01277658657898179,-4.39135093546276,3.7955869188023317,-0.28979766143489993,0.37931034482758536,0.008407517309594548,0.005386825794937655,0.001,0,0.004386825794937655
extreme,SOLUSDT,-1,1782735299999,1782735300000,1782738900000,73.93,74.12,73.81910500000001,74.23118000000001,0.019667391647856646,4.932602372803907,7.943129199476893,0.3695575559252713,0.2727272727272701,-0.002569998647369065,-0.0055822269858190054,0.001,0,-0.0065822269858190055
extreme,SOLUSDT,-1,1782753299999,1782753300000,1782756900000,75.26,75.61,75.14711000000001,75.723415,0.016885954691525498,4.169085735777591,7.270757167986948,0.2733676864042385,0.26041666666666835,-0.00465054477810245,-0.007669024131466751,0.001,0,-0.008669024131466752
extreme,DOGEUSDT,1,1782821399999,1782821400000,1782825000000,0.07094,0.0703,0.07104641,0.07019455000000001,-0.013582789513005624,-4.239391989980352,8.928353566404446,-0.2567438948268198,0.5555555555555658,-0.009021708486044555,-0.0119901906373594,0.001,0,-0.0129901906373594
